date,strike,expiration,call_last,call_bid,call_ask,parity_theoretical,put_last,put_bid,put_ask,parity_observed,parity_diff,parity_diff_pct,parity_flag
2025-01-06,414.49,2025-02-05,47.9594,45.0053,50.1107,47.59175369879881,0.3685,0.01,5.1154,47.590900000000005,-0.0008536987988065903,-1.7937956315069287e-05,False
2025-01-06,437.51,2025-02-05,25.6636,24.5152,29.6206,24.65737981799674,0.9061,0.6177,5.7231,24.7575,0.10012018200325912,0.00406045503383876,False
2025-01-06,460.54,2025-02-05,12.4196,9.5897,14.6951,1.7130431335974663,10.0971,8.0151,13.1205,2.3225000000000016,0.6094568664025353,0.3557743844561864,True
2025-01-06,483.57,2025-02-05,3.3236,1.516,6.6214,-21.23129355080181,25.5029,22.7327,27.8381,-22.1793,-0.9480064491981928,0.04465137495884658,True
2025-01-06,506.59,2025-02-05,2.1634,0.01,5.1154,-44.16566743160388,45.193,42.8103,47.9157,-43.029599999999995,1.136067431603884,-0.02572286342922878,True
2025-01-06,414.49,2025-02-20,50.7482,48.1998,53.3052,48.360478674696424,2.0395,0.01,5.1154,48.7087,0.34822132530357663,0.007200535123854676,False
2025-01-06,437.51,2025-02-20,32.6945,29.1458,34.2512,25.468798342460445,7.1615,3.8996,9.005,25.532999999999998,0.06420165753955231,0.0025207964928803954,False
2025-01-06,460.54,2025-02-20,19.1331,16.8844,21.9898,2.567173752912481,16.0663,14.6407,19.7461,3.0668000000000006,0.49962624708751946,0.19462112625633116,True
2025-01-06,483.57,2025-02-20,8.147,6.6333,11.7387,-20.334450836635483,31.1892,27.0908,32.1962,-23.0422,-2.707749163364518,0.133160673239629,True
2025-01-06,506.59,2025-02-20,4.1366,1.3052,6.4106,-43.22613116887146,46.1146,44.2029,49.3083,-41.978,1.2481311688714598,-0.028874459386508306,True
2025-01-06,414.49,2025-03-07,49.654,47.9332,53.0386,49.12777262844088,0.5753,0.01,5.1154,49.078700000000005,-0.04907262844087512,-0.0009988775353610509,False
2025-01-06,437.51,2025-03-07,30.676,27.8581,32.9635,26.278706368474957,4.6741,1.4902,6.5956,26.0019,-0.27680636847495776,-0.010533485347171669,True
2025-01-06,460.54,2025-03-07,15.7832,12.7199,17.8253,3.4197143629572793,11.0313,9.3749,14.4803,4.751900000000001,1.3321856370427216,0.3895604999859352,True
2025-01-06,483.57,2025-03-07,6.1526,3.533,8.6384,-19.43927764256034,25.3395,23.1279,28.2333,-19.1869,0.2523776425603401,-0.012982871442084076,True
2025-01-06,506.59,2025-03-07,3.2445,0.5251,5.6305,-42.28834390252632,44.2131,42.7289,47.8343,-40.968599999999995,1.3197439025263265,-0.03120821911513741,True
2025-01-07,417.69,2025-02-06,51.3402,47.0499,52.1909,47.95613182248735,0.1877,0.01,5.151,51.1525,3.196368177512653,0.06665191824361923,True
2025-01-07,440.89,2025-02-06,27.8192,25.1188,30.2598,24.842009526721824,2.8024,0.029,5.17,25.0168,0.17479047327817554,0.00703608430268729,False
2025-01-07,464.1,2025-02-06,13.9579,10.7404,15.8814,1.7179242472081455,11.5383,8.9246,14.0656,2.419600000000001,0.7016757527918553,0.40844394270129863,True
2025-01-07,487.31,2025-02-06,5.3701,0.811,5.952,-21.406161032305533,23.5825,22.3143,27.4553,-18.2124,3.1937610323055345,-0.14919821576066847,True
2025-01-07,510.51,2025-02-06,0.01,0.01,5.151,-44.52028332807106,47.0951,43.4998,48.6408,-47.085100000000004,-2.564816671928945,0.05761007074076209,True
2025-01-07,417.69,2025-02-21,50.7103,48.1418,53.2828,48.72705020763459,3.3779,0.01,5.151,47.3324,-1.3946502076345908,-0.02862168347338366,True
2025-01-07,440.89,2025-02-21,34.5228,31.2469,36.3879,25.655747482688184,7.1225,5.3769,10.5179,27.400299999999998,1.7445525173118135,0.06799850670844773,True
2025-01-07,464.1,2025-02-21,19.2962,16.7643,21.9053,2.574500230705098,16.1269,14.026,19.167,3.1693,0.5947997692949016,0.23103504214175163,True
2025-01-07,487.31,2025-02-21,9.72,7.5075,12.6485,-20.50674702127793,29.5096,28.0575,33.1985,-19.7896,0.7171470212779312,-0.03497127167628366,True
2025-01-07,510.51,2025-02-21,3.536,2.3741,7.5151,-43.578049746224394,48.2322,46.2474,51.3884,-44.6962,-1.1181502537756032,0.025658565729469795,True
2025-01-07,417.69,2025-03-08,50.9784,47.895,53.036,49.49654044448505,0.7177,0.01,5.151,50.2607,0.7641595555149507,0.01543864578519435,True
2025-01-07,440.89,2025-03-08,31.0858,28.8382,33.9792,26.46797796588146,4.3318,2.0629,7.2039,26.753999999999998,0.2860220341185382,0.010806342459829567,True
2025-01-07,464.1,2025-03-08,17.3444,14.1686,19.3096,3.429489382761176,14.3111,11.0057,16.1467,3.0333000000000006,-0.3961893827611753,-0.11552430654915526,True
2025-01-07,487.31,2025-03-08,6.171,3.848,8.989,-19.608999200359108,25.7148,23.412,28.553,-19.5438,0.06519920035910687,-0.003324963181084369,False
2025-01-07,510.51,2025-03-08,3.7245,0.01,5.151,-42.6375616789627,43.5268,41.7817,46.9227,-39.8023,2.835261678962695,-0.06649680627402313,True
2025-01-08,417.08,2025-02-07,47.7191,45.7123,50.8465,47.898901167247686,0.01,0.01,5.1442,47.7091,-0.18980116724768692,-0.0039625369814844345,False
2025-01-08,440.25,2025-02-07,28.7581,25.5849,30.7191,24.815502634700238,2.4849,0.9488,6.083,26.2732,1.4576973652997616,0.05874139995300442,True
2025-01-08,463.42,2025-02-07,12.6085,9.0216,14.1558,1.7321041021528458,9.7998,7.3184,12.4526,2.8087,1.0765958978471541,0.6215538064421443,True
2025-01-08,486.59,2025-02-07,3.3779,1.3935,6.5277,-21.351294430394546,25.3817,22.9498,28.084,-22.0038,-0.6525055696054523,0.030560468908928568,True
2025-01-08,509.76,2025-02-07,0.5006,0.01,5.1442,-44.43469296294194,45.6133,42.7329,47.8671,-45.112700000000004,-0.678007037058066,0.015258506177223203,True
2025-01-08,417.08,2025-02-22,52.7968,48.6601,53.7943,48.676165399782064,0.6197,0.01,5.1442,52.177099999999996,3.5009346002179313,0.07192297444682456,True
2025-01-08,440.25,2025-02-22,31.9221,29.9031,35.0373,25.63594614283602,7.304,4.1403,9.2745,24.6181,-1.0178461428360208,-0.039703864923294765,True
2025-01-08,463.42,2025-02-22,19.3781,16.8733,22.0075,2.595726885889974,15.9463,14.3859,19.5201,3.431799999999999,0.8360731141100253,0.322095948789839,True
2025-01-08,486.59,2025-02-22,9.2698,6.7194,11.8536,-20.444492371056015,29.0098,27.0835,32.2177,-19.74,0.7044923710560163,-0.034458785196026236,True
2025-01-08,509.76,2025-02-22,5.8075,2.4614,7.5956,-43.48471162800206,47.8379,46.2469,51.3811,-42.0304,1.4543116280020598,-0.033444205412772085,True
2025-01-08,417.08,2025-03-09,50.7855,47.4146,52.5488,49.45197569967888,1.9145,0.01,5.1442,48.871,-0.5809756996788806,-0.011748280861560264,True
2025-01-08,440.25,2025-03-09,31.7967,28.01,33.1442,26.454854948172112,4.7865,1.7303,6.8645,27.0102,0.5553450518278886,0.020992179050532273,True
2025-01-08,463.42,2025-03-09,14.8417,13.098,18.2322,3.457734196665342,12.184,9.7002,14.8344,2.6577,-0.8000341966653419,-0.23137527385329368,True
2025-01-08,486.59,2025-03-09,8.4887,4.7857,9.9199,-19.53938655484137,27.7689,24.6828,29.817,-19.2802,0.25918655484137076,-0.01326482559285623,True
2025-01-08,509.76,2025-03-09,0.8052,0.01,5.1442,-42.53650730634814,44.8456,41.1948,46.329,-44.0404,-1.5038926936518564,0.03535534036259286,True
2025-01-09,408.73,2025-02-08,47.0247,44.936,49.9774,46.94070391791769,0.01,0.01,5.0514,47.014700000000005,0.07399608208231712,0.001576373507557737,False
2025-01-09,431.43,2025-02-08,28.951,24.9895,30.0309,24.32571597706857,2.2991,0.8563,5.8977,26.6519,2.3261840229314323,0.09562653880873581,True
2025-01-09,454.14,2025-02-08,13.19528,11.048800000000002,16.695168000000002,1.700765486465798,9.9176,8.2597,13.3011,3.27768,1.5769145135342022,0.927179276674435,True
2025-01-09,476.85,2025-02-08,4.755,2.0384,7.0798,-20.924185004137087,26.1564,23.2763,28.3177,-21.401400000000002,-0.4772149958629157,0.022806861809363747,True
2025-01-09,499.55,2025-02-08,0.01,0.01,5.0514,-43.539172944986205,45.2671,43.1009,48.1423,-45.2571,-1.7179270550137957,0.039457043825441455,True
2025-01-09,408.73,2025-02-23,49.6704,47.5039,52.5453,47.703904836756976,1.561,0.0632,5.1046,48.1094,0.4054951632430246,0.008500250967517884,False
2025-01-09,431.43,2025-02-23,30.871,29.6654,34.7068,25.131303461263087,8.2453,4.8477,9.8891,22.6257,-2.505603461263089,-0.09970049763336702,True
2025-01-09,454.14,2025-02-23,19.991104,17.769136,23.415504,2.5487582085112876,16.2601,13.3645,18.4059,3.7310039999999987,1.182245791488711,0.46385168571139307,True
2025-01-09,476.85,2025-02-23,8.9248,6.5036,11.545,-20.03378704424057,29.0452,26.5048,31.5462,-20.120400000000004,-0.08661295575943484,0.004323344136990557,False
2025-01-09,499.55,2025-02-23,3.7227,1.3854,6.4268,-42.6063884197344,46.9961,44.2785,49.3199,-43.273399999999995,-0.6670115802655943,0.015655201133092243,True
2025-01-09,408.73,2025-03-10,49.342,46.4321,51.4735,48.46567531195814,0.01,0.01,5.0514,49.332,0.866324688041864,0.01787501530651554,True
2025-01-09,431.43,2025-03-10,27.6836,26.5304,31.5718,25.93538105800434,1.9614,0.9317,5.9731,25.722199999999997,-0.2131810580043414,-0.008219700243754395,False
2025-01-09,454.14,2025-03-10,15.933120000000002,14.666064,20.312432,3.3951615642910724,12.1464,9.8955,14.9369,3.7867200000000025,0.3915584357089301,0.11532836605691535,True
2025-01-09,476.85,2025-03-10,7.2549,4.5186,9.56,-19.14505792942225,25.3622,23.588,28.6294,-18.107300000000002,1.0377579294222485,-0.05420500336159419,True
2025-01-09,499.55,2025-03-10,2.6105,0.01,5.0514,-41.67535218337605,43.5454,41.8329,46.8743,-40.9349,0.7404521833760498,-0.017767148796199256,True
2025-01-10,424.73,2025-02-09,49.1452,47.4314,52.6506,48.782015452898975,0.01,0.01,5.2292,49.135200000000005,0.35318454710103,0.007240056480283068,False
2025-01-10,448.32,2025-02-09,27.5633,26.2757,31.4949,25.280437849560144,4.3444,0.6023,5.8215,23.2189,-2.0615378495601426,-0.08154676203901316,True
2025-01-10,471.92,2025-02-09,12.7197,8.8779,14.0971,1.7688977292211234,9.4145,7.3264,12.5456,3.3051999999999992,1.5363022707788758,0.8685082497422486,True
2025-01-10,495.52,2025-02-09,3.8235,1.2246,6.4438,-21.74264239111784,24.1695,22.6553,27.8745,-20.346,1.3966423911178403,-0.06423517279980594,True
2025-01-10,519.11,2025-02-09,0.01,0.01,5.2292,-45.24421999445673,45.1347,43.208,48.4272,-45.124700000000004,0.11951999445672357,-0.0026416632770189657,False
2025-01-10,424.73,2025-02-24,53.4096,49.6072,54.8264,49.575784022603614,1.5921,0.01,5.2292,51.817499999999995,2.2417159773963817,0.0452179631969974,True
2025-01-10,448.32,2025-02-24,34.3494,30.3105,35.5297,26.118293252215892,8.2307,4.6467,9.8659,26.118700000000004,0.0004067477841118716,1.557329110995271e-05,False
2025-01-10,471.92,2025-02-24,16.7846,16.0723,21.2915,2.6508586536083953,16.366,13.6104,18.8296,0.4186000000000014,-2.232258653608394,-0.8420889022392063,True
2025-01-10,495.52,2025-02-24,7.5557,6.7793,11.9985,-20.816575944999045,28.2876,27.8415,33.0607,-20.731900000000003,0.08467594499904152,-0.00406771724719617,False
2025-01-10,519.11,2025-02-24,4.7321,1.3319,6.5511,-44.27406671538682,48.8133,45.249,50.4682,-44.081199999999995,0.19286671538682754,-0.004356200586376211,False
2025-01-10,424.73,2025-03-11,51.0095,48.3784,53.5976,50.368063554298715,1.4922,0.01,5.2292,49.517300000000006,-0.8507635542987089,-0.016890932354021372,True
2025-01-10,448.32,2025-03-11,31.7086,28.5968,33.816,26.954576913952906,4.5617,1.7362,6.9554,27.146900000000002,0.19232308604709658,0.0071350808681230485,False
2025-01-10,471.92,2025-03-11,15.8996,13.454,18.6732,3.5311650991092165,12.7809,9.8468,15.066,3.1186999999999987,-0.4124650991092178,-0.11680708421514124,True
2025-01-10,495.52,2025-03-11,7.0938,4.0146,9.2338,-19.892246715734416,26.6726,23.9549,29.1741,-19.5788,0.31344671573441474,-0.01575723045333456,True
2025-01-10,519.11,2025-03-11,1.637,0.01,5.2292,-43.30573335608034,44.863,42.4252,47.6444,-43.226,0.07973335608033949,-0.0018411732096702742,False
2025-01-13,418.62,2025-02-12,49.7375,46.2376,51.3889,48.07945612139656,3.382,0.01,5.1613,46.3555,-1.7239561213965615,-0.035856398147344225,True
2025-01-13,441.87,2025-02-12,26.7549,25.2667,30.418,24.91662313401531,2.2712,0.4348,5.5861,24.4837,-0.43292313401531146,-0.01737487185509901,True
2025-01-13,465.13,2025-02-12,14.5263,9.5473,14.6986,1.743827637822335,8.3259,7.6949,12.8462,6.2004,4.456572362177665,2.5556266373567538,True
2025-01-13,488.39,2025-02-12,5.7453,2.7673,7.9186,-21.42896785837064,26.4883,24.8833,30.0346,-20.743,0.6859678583706419,-0.032011241180833976,True
2025-01-13,511.64,2025-02-12,2.1684,0.01,5.1613,-44.59180084575189,45.2823,42.523,47.6743,-43.1139,1.4779008457518898,-0.03314288316957902,True
2025-01-13,418.62,2025-02-27,51.1165,48.8653,54.0166,48.861976272339064,3.328,0.01,5.1613,47.7885,-1.0734762723390645,-0.02196956312933178,True
2025-01-13,441.87,2025-02-27,30.6013,29.4365,34.5878,25.742604164775855,7.3017,4.0322,9.1835,23.299599999999998,-2.443004164775857,-0.09490120537683094,True
2025-01-13,465.13,2025-02-27,19.9863,17.5196,22.6709,2.6132882412524054,18.611,14.3875,19.5388,1.3752999999999993,-1.2379882412524061,-0.47372816427594167,True
2025-01-13,488.39,2025-02-27,7.6155,5.7734,10.9247,-20.516027682271044,29.8039,26.6928,31.8441,-22.188399999999998,-1.6723723177289536,0.08151540559550602,True
2025-01-13,511.64,2025-02-27,5.2218,2.4003,7.5516,-43.63539978983425,47.8101,45.8015,50.9528,-42.5883,1.047099789834256,-0.023996566890128482,True
2025-01-13,418.62,2025-03-14,49.9823,46.9659,52.1172,49.64302816530761,0.7756,0.01,5.1613,49.206700000000005,-0.4363281653076072,-0.008789314057447638,False
2025-01-13,441.87,2025-03-14,31.5893,28.4984,33.6497,26.56703539105746,4.7111,1.6442,6.7955,26.8782,0.3111646089425406,0.011712432507515668,True
2025-01-13,465.13,2025-03-14,18.6833,14.827,19.9783,3.4811174586248512,13.9153,11.5775,16.7288,4.767999999999999,1.2868825413751477,0.36967512779172523,True
2025-01-13,488.39,2025-03-14,6.5623,5.2018,10.3531,-19.604800473807757,26.7883,24.8369,29.9882,-20.226,-0.6211995261922425,0.031686092751730496,True
2025-01-13,511.64,2025-03-14,1.9303,0.2453,5.3966,-42.68079324805791,47.9392,42.871,48.0223,-46.0089,-3.3281067519420873,0.07797668456158614,True
2025-01-14,430.69,2025-02-13,48.9159,48.0029,53.2884,49.468359975399835,0.9754,0.01,5.2955,47.9405,-1.527859975399835,-0.030885599930129598,True
2025-01-14,454.62,2025-02-13,27.8793,26.1302,31.4157,25.62772368064327,2.2213,0.01,5.2955,25.658,0.03027631935673014,0.0011813893318819407,False
2025-01-14,478.55,2025-02-13,12.214,11.1355,16.421,1.787087385886764,13.9635,9.5002,14.7857,-1.7494999999999994,-3.5365873858867634,-1.9789672367542825,True
2025-01-14,502.48,2025-02-13,3.8342,1.7671,7.0526,-22.053548908869743,26.5725,23.9395,29.225,-22.738300000000002,-0.6847510911302592,0.031049473894646424,True
2025-01-14,526.41,2025-02-13,0.01,0.01,5.2955,-45.89418520362625,44.8765,43.4152,48.7007,-44.8665,1.0276852036262483,-0.02239249262333668,True
2025-01-14,430.69,2025-02-28,52.9262,49.6244,54.9099,50.27028622424592,3.9099,0.01,5.2955,49.0163,-1.2539862242459208,-0.024944879339897395,True
2025-01-14,454.62,2025-02-28,33.4344,31.8943,37.1798,26.47420655986133,8.0304,5.1748,10.4603,25.403999999999996,-1.070206559861333,-0.04042449987845599,True
2025-01-14,478.55,2025-02-28,18.7868,17.1051,22.3906,2.678126895476737,16.2051,14.2721,19.5576,2.581699999999998,-0.0964268954767391,-0.03600534972394354,True
2025-01-14,502.48,2025-02-28,10.9706,8.7793,14.0648,-21.117952768907855,34.2587,29.9531,35.2386,-23.2881,-2.1701472310921446,0.10276314446006675,True
2025-01-14,526.41,2025-02-28,4.11,1.9025,7.188,-44.91403243329245,48.1409,46.0059,51.2914,-44.0309,0.8831324332924453,-0.01966272867180425,True
2025-01-14,430.69,2025-03-15,53.3398,50.5417,55.8272,51.07071372402288,1.6222,0.01,5.2955,51.7176,0.646886275977117,0.012666481997349327,True
2025-01-14,454.62,2025-03-15,31.7866,28.6432,33.9287,27.31910741650671,5.5121,1.6739,6.9594,26.2745,-1.044607416506711,-0.03823724547733722,True
2025-01-14,478.55,2025-03-15,15.8853,12.7393,18.0248,3.567501108990541,11.3084,9.2354,14.5209,4.5769,1.0093988910094591,0.2829428387466089,True
2025-01-14,502.48,2025-03-15,4.9937,3.9197,9.2052,-20.18410519852563,26.7423,24.7103,29.9958,-21.7486,-1.5644948014743711,0.07751122906298821,True
2025-01-14,526.41,2025-03-15,2.6509,0.01,5.2955,-43.93571150604174,46.8714,44.2102,49.4957,-44.2205,-0.2847884939582599,0.006481936543103387,False
2025-01-15,415.08,2025-02-14,47.6374,44.8168,49.9288,47.63097738567211,2.0472,0.01,5.122,45.590199999999996,-2.040777385672115,-0.04284559120313164,True
2025-01-15,438.14,2025-02-14,28.1792,25.0346,30.1466,24.65492057376497,2.7683,0.1219,5.2339,25.4109,0.755979426235033,0.03066241580349938,True
2025-01-15,461.2,2025-02-14,10.0417,8.7895,13.9015,1.6788637618578832,10.5499,7.0872,12.1992,-0.5081999999999987,-2.187063761857882,-1.302704728963599,True
2025-01-15,484.26,2025-02-14,5.567,1.5171,6.6291,-21.297193050049202,24.2866,22.9944,28.1064,-18.7196,2.5775930500492024,-0.1210297077174331,True
2025-01-15,507.32,2025-02-14,2.4343,0.01,5.122,-44.273249861956344,45.9915,43.31,48.422,-43.5572,0.7160498619563427,-0.016173419936168696,True
2025-01-15,415.08,2025-03-01,49.4524,47.1766,52.2886,48.384402223632094,2.0672,0.01,5.122,47.3852,-0.9992022236320963,-0.020651329306783543,True
2025-01-15,438.14,2025-03-01,33.2821,31.0649,36.1769,25.450202347167192,6.2258,5.3263,10.4383,27.0563,1.6060976528328084,0.06310746103013125,True
2025-01-15,461.2,2025-03-01,17.3485,15.9267,21.0387,2.5160024707023467,17.0895,13.3188,18.4308,0.25900000000000034,-2.2570024707023464,-0.8970589246171526,True
2025-01-15,484.26,2025-03-01,10.1434,7.3639,12.4759,-20.418197405762555,31.6602,28.0008,33.1128,-21.5168,-1.0986025942374447,0.053805072622492615,True
2025-01-15,507.32,2025-03-01,0.9254,0.705,5.817,-43.35239728222746,46.3169,44.2233,49.3353,-45.39149999999999,-2.0391027177725363,0.04703552388343878,True
2025-01-15,415.08,2025-03-16,51.6985,47.0344,52.1464,49.13645449992663,0.1247,0.01,5.122,51.573800000000006,2.437345500073377,0.04960360947648383,True
2025-01-15,438.14,2025-03-16,29.7998,28.305,33.417,26.244035305478064,3.4206,2.4162,7.5282,26.3792,0.13516469452193647,0.0051503015046517175,False
2025-01-15,461.2,2025-03-16,15.9801,13.1906,18.3026,3.351616111029557,12.6913,9.8788,14.9908,3.2888,-0.06281611102955686,-0.018742036363544292,True
2025-01-15,484.26,2025-03-16,7.5393,4.3646,9.4766,-19.54080308341895,26.0414,23.8002,28.9122,-18.5021,1.0387030834189517,-0.053155598517868864,True
2025-01-15,507.32,2025-03-16,2.7016,0.01,5.122,-42.433222277867515,46.665,42.4633,47.5753,-43.9634,-1.5301777221324855,0.036060841953324894,True
2025-01-16,416.25,2025-02-15,48.171,45.8573,50.9823,47.761827635719214,0.01,0.01,5.135,48.161,0.39917236428078695,0.008357560504704419,False
2025-01-16,439.38,2025-02-15,26.1539,24.8211,29.9461,24.715836220017536,1.8665,0.01,5.135,24.2874,-0.42843622001753445,-0.01733448207876296,True
2025-01-16,462.5,2025-02-15,13.3609,10.0253,15.1503,1.6798084841324226,11.6586,8.4356,13.5606,1.702300000000001,0.02249151586757847,0.013389333415109374,True
2025-01-16,485.62,2025-02-15,4.9481,1.0423,6.1673,-21.35621925175269,25.0598,22.0957,27.2207,-20.1117,1.244519251752692,-0.05827432454602446,True
2025-01-16,508.75,2025-02-15,1.1779,0.01,5.135,-44.40221066745431,47.4504,43.3274,48.4524,-46.2725,-1.8702893325456884,0.042121536392704044,True
2025-01-16,416.25,2025-03-02,51.1556,47.9524,53.0774,48.51568108577817,3.7665,0.01,5.135,47.3891,-1.1265810857781702,-0.023220968160507074,True
2025-01-16,439.38,2025-03-02,32.9604,30.2756,35.4006,25.51157947259867,9.4892,4.3642,9.4892,23.4712,-2.0403794725986693,-0.07997856325556747,True
2025-01-16,462.5,2025-03-02,18.9487,16.5994,21.7244,2.5174234286424166,17.1165,14.1418,19.2668,1.8322000000000003,-0.6852234286424164,-0.27219236177997286,True
2025-01-16,485.62,2025-03-02,6.2986,5.3163,10.4413,-20.476732615313892,28.0967,25.6571,30.7821,-21.798099999999998,-1.3213673846861056,0.06453018699369534,True
2025-01-16,508.75,2025-03-02,5.7016,1.0066,6.1316,-43.48083422849339,47.9861,44.9192,50.0442,-42.2845,1.1963342284933915,-0.027514058773725706,True
2025-01-16,416.25,2025-03-17,49.1054,47.6498,52.7748,49.268164285732325,1.6161,0.01,5.135,47.4893,-1.7788642857323254,-0.03610575533960925,True
2025-01-16,439.38,2025-03-17,31.3717,28.1882,33.3132,26.305876333609774,4.9723,1.9378,7.0628,26.3994,0.09352366639022591,0.0035552385787937105,False
2025-01-16,462.5,2025-03-17,14.2179,12.4854,17.6104,3.353515873035917,11.4309,9.1268,14.2518,2.787000000000001,-0.5665158730359163,-0.1689319193599203,True
2025-01-16,485.62,2025-03-17,5.5977,3.6466,8.7716,-19.59884458753794,25.1798,23.1694,28.2944,-19.5821,0.01674458753793928,-0.0008543660552615659,False
2025-01-16,508.75,2025-03-17,1.7491,0.01,5.135,-42.56113253966049,45.1357,42.3452,47.4702,-43.3866,-0.8254674603395102,0.01939486595123615,True
2025-01-17,415.96,2025-02-16,48.7404,45.1248,50.2466,47.743377957123585,0.01,0.01,5.1318,48.7304,0.9870220428764185,0.02067348572953559,True
2025-01-17,439.07,2025-02-16,28.9781,24.8452,29.967,24.71801413509536,4.2455,0.4546,5.5764,24.7326,0.01458586490464242,0.0005900904831967461,False
2025-01-17,462.18,2025-02-16,11.0043,9.0851,14.2069,1.6926503130670767,10.1806,7.4361,12.5579,0.8237000000000005,-0.8689503130670762,-0.513366704486375,True
2025-01-17,485.29,2025-02-16,5.0571,1.9333,7.0551,-21.332713508961206,26.0582,22.8255,27.9473,-21.0011,0.3316135089612047,-0.015544834876346331,True
2025-01-17,508.4,2025-02-16,2.896,0.01,5.1318,-44.35807733098943,44.6954,42.7685,47.8903,-41.7994,2.5586773309894326,-0.057682331718239055,True
2025-01-17,415.96,2025-03-03,50.2712,49.0769,54.1987,48.502973496237246,1.9532,0.01,5.1318,48.318,-0.18497349623724801,-0.0038136527083560733,False
2025-01-17,439.07,2025-03-03,33.1809,30.7805,35.9023,25.519811455411286,8.6155,4.8459,9.9677,24.5654,-0.9544114554112859,-0.03739884430881679,True
2025-01-17,462.18,2025-03-03,18.7111,15.6335,20.7553,2.5366494145853835,15.5436,13.2276,18.3494,3.1674999999999986,0.6308505854146151,0.24869443202805697,True
2025-01-17,485.29,2025-03-03,9.5194,6.4678,11.5896,-20.446512626240576,28.2558,27.1143,32.2361,-18.736400000000003,1.7101126262405728,-0.08363835229514173,True
2025-01-17,508.4,2025-03-03,4.8851,2.6654,7.7872,-43.42967466706648,47.0042,45.468,50.5898,-42.119099999999996,1.3105746670664828,-0.03017693954913081,True
2025-01-17,415.96,2025-03-18,51.1768,48.688,53.8098,49.261176819141326,0.9916,0.01,5.1318,50.1852,0.9240231808586756,0.018757635130219413,True
2025-01-17,439.07,2025-03-18,29.842,29.1228,34.2446,26.320139210453817,4.6453,2.4369,7.5587,25.1967,-1.1234392104538173,-0.04268363481936336,True
2025-01-17,462.18,2025-03-18,17.3841,14.1908,19.3126,3.3791016017663082,13.3041,10.6492,15.771,4.08,0.7008983982336918,0.2074215222967316,True
2025-01-17,485.29,2025-03-18,6.9698,4.2782,9.4,-19.561936006921144,28.1426,23.5886,28.7104,-21.172800000000002,-1.6108639930788584,0.08234685935527669,True
2025-01-17,508.4,2025-03-18,1.5931,0.01,5.1318,-42.502973615608596,44.1132,41.7225,46.8443,-42.5201,-0.01712638439140335,0.00040294555732246307,False
2025-01-20,429.67,2025-02-19,49.3489,46.6646,51.9387,49.343495402999054,0.647,0.01,5.2841,48.7019,-0.6415954029990516,-0.013002633837732865,True
2025-01-20,453.54,2025-02-19,29.092,25.6803,30.9544,25.56257640765284,3.4023,0.0616,5.3357,25.6897,0.1271235923471572,0.0049730352027074765,False
2025-01-20,477.41,2025-02-19,13.6484,10.0397,15.3138,1.781657412306572,11.1613,8.5187,13.7928,2.4871,0.7054425876934278,0.3959473818146367,True
2025-01-20,501.28,2025-02-19,4.9511,2.525,7.7991,-21.999261583039583,27.713,24.0832,29.3573,-22.7619,-0.7626384169604172,0.03466654615118429,True
2025-01-20,525.15,2025-02-19,0.1628,0.01,5.2841,-45.780180578385796,47.5987,43.9782,49.2523,-47.435900000000004,-1.655719421614208,0.03616672980962253,True
2025-01-20,429.67,2025-03-06,50.9841,50.1108,55.3849,50.142997661191885,2.5555,0.01,5.2841,48.428599999999996,-1.7143976611918887,-0.0341901709342508,True
2025-01-20,453.54,2025-03-06,35.1196,31.6614,36.9355,26.406494424225457,8.1326,5.2688,10.5429,26.987,0.5805055757745414,0.021983439620898052,True
2025-01-20,477.41,2025-03-06,19.8077,17.685,22.9591,2.669991187259086,17.0317,15.2082,20.4823,2.776,0.10600881274091378,0.03970380623231139,True
2025-01-20,501.28,2025-03-06,8.9952,6.5466,11.8207,-21.066512049707285,29.3123,27.1975,32.4716,-20.3171,0.7494120497072849,-0.035573617879363084,True
2025-01-20,525.15,2025-03-06,3.4229,1.601,6.8751,-44.803015286673656,50.1005,46.1861,51.4602,-46.6776,-1.8745847133263425,0.04184059267733983,True
2025-01-20,429.67,2025-03-21,50.2843,49.1983,54.4724,50.94100668444571,2.648,0.01,5.2841,47.6363,-3.304706684445712,-0.06487321118164649,True
2025-01-20,453.54,2025-03-21,33.1439,30.3055,35.5796,27.248836250293266,5.9979,2.4651,7.7392,27.146,-0.10283625029326515,-0.003773968522863371,False
2025-01-20,477.41,2025-03-21,17.4943,13.4695,18.7436,3.5566658161408213,12.573,10.067,15.3411,4.921299999999999,1.3646341838591773,0.38368355488058775,True
2025-01-20,501.28,2025-03-21,6.2579,3.8052,9.0793,-20.135504618011566,26.2957,23.9968,29.2709,-20.0378,0.09770461801156571,-0.004852355074536707,False
2025-01-20,525.15,2025-03-21,3.8523,0.3361,5.6102,-43.82767505216401,47.4273,44.1229,49.397,-43.575,0.2526750521640082,-0.005765194066609113,False
2025-01-21,433.26,2025-02-20,50.519,47.0717,52.3857,49.7462496210544,0.5881,0.01,5.324,49.9309,0.184650378945598,0.0037118452215430388,False
2025-01-21,457.33,2025-02-20,28.3292,26.611,31.925,25.765485711113,3.0933,1.1996,6.5136,25.2359,-0.5295857111130005,-0.020554074433170224,True
2025-01-21,481.4,2025-02-20,14.5288,10.9285,16.2425,1.7847218011715427,10.4707,9.5751,14.8891,4.0581,2.273378198828457,1.2737997582234644,True
2025-01-21,505.47,2025-02-20,4.7102,1.7489,7.0629,-22.196042108769916,27.8081,24.2998,29.6138,-23.0979,-0.9018578912300832,0.040631473251429295,True
2025-01-21,529.54,2025-02-20,1.048,0.01,5.324,-46.17680601871132,45.1639,44.0664,49.3804,-44.115899999999996,2.0609060187113215,-0.04463076155323998,True
2025-01-21,433.26,2025-03-07,54.3691,50.6705,55.9845,50.5471399468733,1.3,0.01,5.324,53.069100000000006,2.521960053126705,0.04989322948395038,True
2025-01-21,457.33,2025-03-07,34.8005,32.1028,37.4168,26.61086994392184,9.6887,5.7224,11.0364,25.1118,-1.4990699439218425,-0.05633299276126233,True
2025-01-21,481.4,2025-03-07,21.289,17.8949,23.2089,2.6745999409703245,18.5522,15.1678,20.4818,2.7368000000000023,0.062200059029677846,0.023255836537225127,True
2025-01-21,505.47,2025-03-07,8.5107,7.0332,12.3472,-21.261670061981192,29.7417,28.5657,33.8797,-21.231,0.0306700619811906,-0.0014425048404844223,False
2025-01-21,529.54,2025-03-07,2.623,2.0069,7.3209,-45.197940064932595,49.5096,47.4014,52.7154,-46.8866,-1.688659935067406,0.03736143577874193,True
2025-01-21,433.26,2025-03-22,52.4138,50.3711,55.6851,51.34654430086073,1.5435,0.01,5.324,50.8703,-0.4762443008607278,-0.009275099373196658,False
2025-01-21,457.33,2025-03-22,31.986,28.9815,34.2955,27.454685650908573,6.32,1.8825,7.1965,25.666,-1.7886856509085725,-0.06515046916406339,True
2025-01-21,481.4,2025-03-22,16.7834,13.8853,19.1993,3.5628270009564176,13.7752,10.5915,15.9055,3.0082000000000004,-0.5546270009564171,-0.15567048324477478,True
2025-01-21,505.47,2025-03-22,6.7431,3.9921,9.3061,-20.32903164899585,28.5447,24.0373,29.3513,-21.8016,-1.4725683510041492,0.07243671889688294,True
2025-01-21,529.54,2025-03-22,1.5529,0.01,5.324,-44.22089029894789,48.0648,44.2763,49.5903,-46.5119,-2.291009701052104,0.05180831244156593,True
2025-01-22,430.07,2025-02-21,50.8779,47.9874,53.266,49.399918426205375,1.4924,0.01,5.2886,49.38549999999999,-0.014418426205381252,-0.00029187145778225923,False
2025-01-22,453.97,2025-02-21,30.685,26.4773,31.7559,25.589385374344715,3.2161,0.8684,6.147,27.468899999999998,1.8795146256552826,0.07344899450143251,True
2025-01-22,477.86,2025-02-21,11.9908,9.6147,14.8933,1.7888148886146382,10.3444,7.935,13.2136,1.6463999999999999,-0.14241488861463836,-0.07961410066579482,True
2025-01-22,501.75,2025-02-21,5.657,2.0,7.2786,-22.011755597115496,26.7638,24.4507,29.7293,-21.1068,0.9049555971154959,-0.04111237711698401,True
2025-01-22,525.65,2025-02-21,2.51,0.01,5.2886,-45.82228864897604,47.0339,43.614,48.8926,-44.523900000000005,1.2983886489760366,-0.02833530771285582,True
2025-01-22,430.07,2025-03-08,51.9905,49.4144,54.693,50.20261627198272,2.0682,0.01,5.2886,49.9223,-0.2803162719827199,-0.0055836984762716434,False
2025-01-22,453.97,2025-03-08,32.022,29.7358,35.0144,26.43669102469829,7.5643,4.1998,9.4784,24.4577,-1.978991024698292,-0.07485774308325628,True
2025-01-22,477.86,2025-03-08,18.2547,15.2744,20.553,2.6807096791909544,13.7248,12.6747,17.9533,4.5299,1.8491903208090452,0.6898137217780091,True
2025-01-22,501.75,2025-03-08,11.8541,8.4291,13.7077,-21.075271666316326,32.5409,29.3592,34.6378,-20.686799999999998,0.38847166631632746,-0.018432581675196364,True
2025-01-22,525.65,2025-03-08,4.576,1.7784,7.057,-44.8411969136007,49.4587,46.5364,51.815,-44.8827,-0.04150308639930245,0.0009255570603806569,False
2025-01-22,430.07,2025-03-23,51.5546,49.1139,54.3925,51.00381030478121,1.4082,0.01,5.2886,50.1464,-0.8574103047812116,-0.016810710800970022,True
2025-01-22,453.97,2025-03-23,32.3138,28.7501,34.0287,27.28240929165372,4.6121,1.5212,6.7998,27.701700000000002,0.41929070834628135,0.01536853669571446,True
2025-01-22,477.86,2025-03-23,15.0291,13.1728,18.4514,3.5709335509166635,13.8454,9.9494,15.228,1.1837,-2.3872335509166636,-0.6685180546985696,True
2025-01-22,501.75,2025-03-23,9.3371,5.14,10.4186,-20.140542189820337,26.9005,25.4353,30.7139,-17.5634,2.5771421898203357,-0.12795793507102823,True
2025-01-22,525.65,2025-03-23,2.409,0.01,5.2886,-43.86194320294783,46.22,43.9894,49.268,-43.811,0.050943202947827615,-0.001161444277835914,False
2025-01-23,438.4,2025-02-22,52.6189,49.4244,54.7955,50.35145981928048,0.01,0.01,5.3811,52.6089,2.25744018071952,0.0448336590204502,True
2025-01-23,462.75,2025-02-22,27.173,26.2584,31.6295,26.092631230319398,4.371,0.6186,5.9897,22.802,-3.2906312303193985,-0.12611343031191563,True
2025-01-23,487.11,2025-02-22,14.1609,10.7072,16.0783,1.8238400834162576,11.7024,8.8349,14.206,2.458499999999999,0.6346599165837414,0.3479800243204174,True
2025-01-23,511.47,2025-02-22,5.2846,2.3103,7.6814,-22.444951063486883,26.7517,24.1515,29.5226,-21.4671,0.9778510634868844,-0.04356663824844057,True
2025-01-23,535.82,2025-02-22,0.01,0.01,5.3811,-46.703779652447906,47.3565,45.199,50.5701,-47.3465,-0.6427203475520926,0.013761634547246016,True
2025-01-23,438.4,2025-03-09,54.7235,51.2421,56.6132,51.16988355240193,3.324,0.01,5.3811,51.3995,0.22961644759807598,0.004487335746287774,False
2025-01-23,462.75,2025-03-09,34.5188,30.2307,35.6018,26.95651257726729,7.7932,3.479,8.8501,26.7256,-0.23091257726728998,-0.008566114648748034,False
2025-01-23,487.11,2025-03-09,20.1821,18.3457,23.7168,2.7331977126151514,17.991,15.7386,21.1097,2.1910999999999987,-0.5420977126151527,-0.19833827246125862,True
2025-01-23,511.47,2025-03-09,9.2958,6.779,12.1501,-21.490117152036987,30.5525,28.5138,33.8849,-21.2567,0.23341715203698854,-0.01086160444755247,True
2025-01-23,535.82,2025-03-09,5.3259,1.5085,6.8796,-45.70348812717168,48.9656,46.8137,52.1848,-43.639700000000005,2.0637881271716765,-0.04515603101078649,True
2025-01-23,438.4,2025-03-24,53.0136,50.808,56.1791,51.98677367519798,0.1016,0.01,5.3811,52.912,0.9252263248020185,0.01779734073483057,True
2025-01-23,462.75,2025-03-24,31.014,29.5984,34.9695,27.818775132750545,5.0878,2.2342,7.6053,25.9262,-1.8925751327505438,-0.06803229558883234,True
2025-01-23,487.11,2025-03-24,16.2529,13.7878,19.1589,3.6408513342282163,12.027,10.2151,15.5862,4.225900000000001,0.5850486657717848,0.1606900727507466,True
2025-01-23,511.47,2025-03-24,7.3492,4.2286,9.5997,-20.537072464294056,29.0714,25.1448,30.5159,-21.7222,-1.185127535705945,0.05770674168708411,True
2025-01-23,535.82,2025-03-24,1.7335,0.01,5.3811,-44.70507100674149,46.4261,44.1247,49.4958,-44.6926,0.012471006741492374,-0.00027896179249132066,False
2025-01-24,440.01,2025-02-23,51.2199,48.401,53.79,50.502177368928415,1.4606,0.01,5.399,49.7593,-0.7428773689284114,-0.014709808717781513,True
2025-01-24,464.45,2025-02-23,29.229,26.5382,31.9272,26.15172445853233,4.2236,0.6412,6.0302,25.005399999999998,-1.1463244585323302,-0.043833608768324546,True
2025-01-24,488.9,2025-02-23,13.1027,10.3176,15.7066,1.7913081876982346,13.1674,8.4607,13.8497,-0.0647000000000002,-1.8560081876982348,-1.03611885461381,True
2025-01-24,513.35,2025-02-23,3.0511,1.5575,6.9465,-22.56910808313586,26.8728,23.3489,28.7379,-23.8217,-1.2525919168641408,0.05550028438208887,True
2025-01-24,537.79,2025-02-23,0.7874,0.01,5.399,-46.919560993531945,47.6307,45.3259,50.7149,-46.8433,0.07626099353194604,-0.0016253560757411804,False
2025-01-24,440.01,2025-03-10,54.5272,52.1269,57.5159,51.3060495936291,3.002,0.01,5.399,51.5252,0.21915040637090044,0.004271434033738457,False
2025-01-24,464.45,2025-03-10,35.8856,32.5982,37.9872,27.00024711656789,7.562,5.607,10.996,28.323599999999995,1.3233528834321042,0.04901262117042138,True
2025-01-24,488.9,2025-03-10,21.2072,17.7773,23.1663,2.684499548476822,19.2316,15.3635,20.7525,1.9756,-0.7088995484768219,-0.2640713979181146,True
2025-01-24,513.35,2025-03-10,11.4331,8.1248,13.5138,-21.63124801961436,31.8411,29.4799,34.8689,-20.408,1.2232480196143598,-0.056550043645432146,True
2025-01-24,537.79,2025-03-10,5.1073,1.6168,7.0058,-45.93705049667551,50.2929,47.3222,52.7112,-45.1856,0.7514504966755098,-0.01635826611745333,True
2025-01-24,440.01,2025-03-25,55.3879,51.8044,57.1934,52.10844779058539,1.0581,0.01,5.399,54.3298,2.2213522094146114,0.042629406624081996,True
2025-01-24,464.45,2025-03-25,30.617,29.4579,34.8469,27.84721387317876,5.9454,1.3993,6.7883,24.6716,-3.175613873178758,-0.11403704110727475,True
2025-01-24,488.9,2025-03-25,16.7252,14.5127,19.9017,3.5760531006504834,13.5474,11.0995,16.4885,3.1778000000000013,-0.39825310065048214,-0.11136666303362217,True
2025-01-24,513.35,2025-03-25,7.314,4.0302,9.4192,-20.695107671877906,26.2799,24.5777,29.9667,-18.9659,1.729207671877905,-0.08355635057785588,True
2025-01-24,537.79,2025-03-25,2.8129,0.8373,6.2263,-44.95634158928442,48.4749,45.7047,51.0937,-45.662,-0.7056584107155786,0.015696526580440788,True
2025-01-27,452.41,2025-02-26,53.5485,49.4777,55.0045,51.94391131339722,0.5499,0.01,5.5368,52.998599999999996,1.0546886866027734,0.02030437562237927,True
2025-01-27,477.55,2025-02-26,27.4876,26.2996,31.8264,26.89692899739805,2.1173,0.01,5.5368,25.3703,-1.5266289973980491,-0.05675848709515246,True
2025-01-27,502.68,2025-02-26,13.7231,11.5001,17.0269,1.8599096815245844,12.9894,9.4778,15.0046,0.7337000000000007,-1.1262096815245837,-0.6055184790486277,True
2025-01-27,527.81,2025-02-26,3.5248,1.371,6.8978,-23.177109634348824,27.1138,24.3308,29.8576,-23.589000000000002,-0.4118903656511783,0.017771429317517254,True
2025-01-27,552.95,2025-02-26,0.9251,0.01,5.5368,-48.22409195034817,50.4734,46.7506,52.2774,-49.5483,-1.3242080496518298,0.0274594709012923,True
2025-01-27,452.41,2025-03-13,55.3714,51.5154,57.0422,52.77854299181712,2.2616,0.01,5.5368,53.1098,0.33125700818288095,0.006276357576491637,False
2025-01-27,477.55,2025-03-13,35.7712,32.2382,37.765,27.777940376521883,7.0127,4.0441,9.5709,28.7585,0.9805596234781184,0.03529993981508055,True
2025-01-27,502.68,2025-03-13,19.5533,16.612,22.1388,2.7872823127840434,17.7032,14.2042,19.731,1.8501000000000012,-0.9371823127840422,-0.3362351594187633,True
2025-01-27,527.81,2025-03-13,10.6223,6.8363,12.3631,-22.20337575095374,30.9134,28.7237,34.2505,-20.2911,1.9122757509537394,-0.08612545103064331,True
2025-01-27,552.95,2025-03-13,4.1065,2.0587,7.5855,-47.20397836624903,51.832,49.4749,55.0017,-47.725500000000004,-0.5215216337509716,0.0110482559267475,True
2025-01-27,452.41,2025-03-28,53.586,51.2819,56.8087,53.61162917597534,1.2066,0.01,5.5368,52.3794,-1.2322291759753412,-0.022984363559082677,True
2025-01-27,477.55,2025-03-28,33.4391,31.039,36.5658,28.657320379715316,7.6137,2.0869,7.6137,25.825400000000002,-2.8319203797153136,-0.09882013887522606,True
2025-01-27,502.68,2025-03-28,17.7239,14.7206,20.2474,3.712937720605794,14.8914,10.822,16.3488,2.8324999999999996,-0.8804377206057943,-0.2371269832293724,True
2025-01-27,527.81,2025-03-28,6.4197,4.3922,9.919,-21.23144493850367,28.0834,25.32,30.8468,-21.663700000000002,-0.4322550614963312,0.02035919188488333,True
2025-01-27,552.95,2025-03-28,2.4393,0.01,5.5368,-46.18575373476375,48.6104,46.2984,51.8252,-46.171099999999996,0.014653734763754755,-0.00031727824228891977,False
2025-01-28,451.22,2025-02-27,51.2995,49.6357,55.1492,51.80615916314332,0.3102,0.01,5.5235,50.9893,-0.8168591631433202,-0.015767607101907333,True
2025-01-28,476.28,2025-02-27,29.5881,27.2802,32.7937,26.839250224329476,2.5037,0.7248,6.2383,27.084400000000002,0.24514977567052654,0.009134002389094351,False
2025-01-28,501.35,2025-02-27,12.5317,11.4141,16.9276,1.8623784327864996,10.7045,9.4471,14.9606,1.8272000000000013,-0.03517843278649835,-0.01888898204961717,True
2025-01-28,526.42,2025-02-27,6.1702,2.2326,7.7461,-23.114493358756363,27.4878,24.8655,30.379,-21.3176,1.796893358756364,-0.0777388165454059,True
2025-01-28,551.49,2025-02-27,0.1085,0.01,5.5235,-48.09136515029934,48.3121,46.1574,51.6709,-48.2036,-0.11223484970066266,0.0023337838164896444,False
2025-01-28,451.22,2025-03-14,55.4754,53.4401,58.9536,52.6419023693926,4.0099,0.0538,5.5673,51.4655,-1.1764023693925978,-0.02234726171439787,True
2025-01-28,476.28,2025-03-14,35.1962,32.2447,37.7582,27.721409202815323,8.1374,4.9309,10.4444,27.058799999999998,-0.6626092028153252,-0.023902435766073253,True
2025-01-28,501.35,2025-03-14,20.1138,16.8688,22.3823,2.7909717053654504,15.717,14.2246,19.7381,4.396800000000001,1.6058282946345503,0.5753653079131746,True
2025-01-28,526.42,2025-03-14,11.0966,8.0304,13.5439,-22.139465792084366,33.6163,30.5888,36.1023,-22.5197,-0.38023420791563467,0.017174497862165298,True
2025-01-28,551.49,2025-03-14,5.6103,1.4827,6.9962,-47.069903289534295,51.5478,48.2876,53.8011,-45.9375,1.1324032895342953,-0.024057905591364965,True
2025-01-28,451.22,2025-03-29,54.0488,52.0323,57.5458,53.476091852415436,1.4103,0.01,5.5235,52.6385,-0.8375918524154358,-0.015662921941398435,True
2025-01-28,476.28,2025-03-29,33.6987,30.316,35.8295,28.601928166899654,5.3307,1.6255,7.139,28.368000000000002,-0.233928166899652,-0.008178755136178953,False
2025-01-28,501.35,2025-03-29,16.6763,13.5042,19.0177,3.7178386379338235,11.3529,10.283,15.7965,5.323400000000001,1.6055613620661777,0.4318534284098094,True
2025-01-28,526.42,2025-03-29,8.3311,4.3242,9.8377,-21.16625089103195,27.1564,25.4707,30.9842,-18.825300000000002,2.340950891031948,-0.1105982775638268,True
2025-01-28,551.49,2025-03-29,3.6661,0.01,5.5235,-46.050340419997724,49.7969,45.3006,50.8141,-46.1308,-0.08045958000227671,0.0017472092338178787,False
2025-01-29,452.12,2025-02-28,54.4034,50.2907,55.8142,51.89136102396617,0.4793,0.01,5.5335,53.924099999999996,2.0327389760338264,0.039172974767322066,True
2025-01-29,477.23,2025-02-28,32.0893,28.4439,33.9674,26.87363027839376,5.2186,0.9927,6.5162,26.8707,-0.0029302783937623644,-0.00010903917198408027,False
2025-01-29,502.35,2025-02-28,14.9698,12.1738,17.6973,1.845936278840611,14.0618,10.5637,16.0872,0.9079999999999995,-0.9379362788406116,-0.5081086977876111,True
2025-01-29,527.47,2025-02-28,4.8954,1.8695,7.393,-23.18175772071254,28.4002,25.1837,30.7072,-23.504800000000003,-0.32304227928746343,0.013935193490475926,True
2025-01-29,552.59,2025-02-28,0.7818,0.01,5.5335,-48.20945172026575,48.2676,46.3399,51.8634,-47.485800000000005,0.7236517202657424,-0.015010577686398824,True
2025-01-29,452.12,2025-03-15,56.823,53.7733,59.2968,52.719750816801536,3.7109,0.6837,6.2072,53.1121,0.392349183198462,0.007442166875216379,False
2025-01-29,477.23,2025-03-15,37.2845,32.4549,37.9784,27.748027475674974,6.5128,4.9639,10.4874,30.771700000000003,3.023672524325029,0.10896891777174796,True
2025-01-29,502.35,2025-03-15,19.6632,16.3241,21.8476,2.7663592029112465,15.3519,13.5366,19.0601,4.311299999999999,1.5449407970887528,0.5584744003826025,True
2025-01-29,527.47,2025-03-15,9.1038,6.9014,12.4249,-22.215309069852538,30.7864,29.1307,34.6542,-21.6826,0.5327090698525367,-0.023979367929454282,True
2025-01-29,552.59,2025-03-15,6.804,1.8631,7.3866,-47.196977342616265,53.7655,49.6208,55.1443,-46.9615,0.23547734261626374,-0.004989246258438688,False
2025-01-29,452.12,2025-03-30,53.6435,52.0006,57.5241,53.54661720750954,0.2537,0.01,5.5335,53.3898,-0.15681720750954042,-0.002928610913026041,False
2025-01-29,477.23,2025-03-30,33.6619,30.3967,35.9202,28.620816663584378,4.0971,1.7509,7.2744,29.5648,0.9439833364156236,0.03298240394435349,True
2025-01-29,502.35,2025-03-30,18.8256,15.5247,21.0482,3.6850894766708393,13.9852,12.3159,17.8394,4.840400000000001,1.1553105233291614,0.31350949024252317,True
2025-01-29,527.47,2025-03-30,8.0953,5.2171,10.7406,-21.2506377102427,29.4539,25.9436,31.4671,-21.358600000000003,-0.10796228975730315,0.005080425878479208,False
2025-01-29,552.59,2025-03-30,2.5566,0.01,5.5335,-46.186364897156295,49.6739,46.4752,51.9987,-47.1173,-0.930935102843705,0.020156059151150534,True
2025-01-30,451.49,2025-03-01,52.8014,49.2426,54.7591,51.82385241200598,0.2902,0.01,5.5265,52.5112,0.6873475879940258,0.013263151155370086,True
2025-01-30,476.57,2025-03-01,27.1227,26.8668,32.3833,26.836278420318706,3.6784,0.4518,5.9683,23.4443,-3.3919784203187078,-0.1263952611905576,True
2025-01-30,501.65,2025-03-01,13.74,10.2569,15.7734,1.8487044286314926,12.74,8.6909,14.2074,1.0,-0.8487044286314926,-0.4590806488518816,True
2025-01-30,526.73,2025-03-01,6.1119,2.2135,7.73,-23.13886956305589,27.7095,25.2604,30.7769,-21.5976,1.5412695630558915,-0.06660954455254468,True
2025-01-30,551.82,2025-03-01,1.2995,0.01,5.5265,-48.13640670226778,48.9768,46.48,51.9965,-47.677299999999995,0.45910670226778194,-0.009537618898465737,False
2025-01-30,451.49,2025-03-16,54.9475,52.1058,57.6223,52.65347781324641,3.1658,0.01,5.5265,51.7817,-0.8717778132464105,-0.01655688948673949,True
2025-01-30,476.57,2025-03-16,34.4143,32.164,37.6805,27.711989017384326,7.136,4.6128,10.1293,27.278299999999998,-0.43368901738432797,-0.01564986970485105,True
2025-01-30,501.65,2025-03-16,20.1977,15.0747,20.5912,2.7705002215222407,16.0118,12.7768,18.2933,4.1859,1.4153997784777594,0.5108823913755449,True
2025-01-30,526.73,2025-03-16,11.1618,8.6237,14.1402,-22.170988574339844,32.5146,31.1839,36.7004,-21.352800000000002,0.8181885743398425,-0.03690356754262161,True
2025-01-30,551.82,2025-03-16,3.8199,1.5402,7.0567,-47.12242214244918,51.1476,47.7197,53.2362,-47.3277,-0.2052778575508185,0.004356267106352721,False
2025-01-30,451.49,2025-03-31,54.0047,51.555,57.0715,53.48157311600306,1.627,0.01,5.5265,52.3777,-1.103873116003065,-0.020640251430314747,True
2025-01-30,476.57,2025-03-31,30.519,30.047,35.5635,28.586084519908752,3.6868,1.049,6.5655,26.8322,-1.7538845199087518,-0.06135448591034776,True
2025-01-30,501.65,2025-03-31,17.9972,15.2766,20.7931,3.690595923814385,13.2005,11.4274,16.9439,4.7966999999999995,1.1061040761856145,0.29970880015561546,True
2025-01-30,526.73,2025-03-31,7.2136,4.0703,9.5868,-21.20489267228004,28.683,24.9857,30.5022,-21.4694,-0.26450732771996144,0.012473881938847867,True
2025-01-30,551.82,2025-03-31,2.0826,0.01,5.5265,-46.11030769923411,48.7033,45.9779,51.4944,-46.6207,-0.5103923007658864,0.011068941549795035,True
2025-01-31,444.13,2025-03-02,52.1007,47.907,53.3418,50.956541433180234,1.29,0.01,5.4448,50.810700000000004,-0.14584143318023024,-0.002862074800964924,False
2025-01-31,468.81,2025-03-02,28.883,26.5563,31.9911,26.36581584060798,4.1474,0.1084,5.5432,24.735599999999998,-1.6302158406079812,-0.06183066173500169,True
2025-01-31,493.48,2025-03-02,12.8716,9.6961,15.1309,1.7850540752612005,13.153,7.7182,13.153,-0.28139999999999965,-2.0664540752612,-1.157642283166589,True
2025-01-31,518.15,2025-03-02,5.8133,2.075,7.5098,-22.795707690085464,28.0025,24.8703,30.3051,-22.1892,0.6065076900854649,-0.026606223343934754,True
2025-01-31,542.83,2025-03-02,1.7603,0.01,5.4448,-47.38643328265778,47.3069,44.9473,50.3821,-45.5466,1.8398332826577786,-0.03882616089046547,True
2025-01-31,444.13,2025-03-17,54.4155,51.2301,56.6649,51.75763159437963,1.8152,0.204,5.6388,52.600300000000004,0.8426684056203726,0.016281046478793634,True
2025-01-31,468.81,2025-03-17,35.3732,32.4712,37.906,27.21142203355123,6.4251,5.2417,10.6765,28.948099999999997,1.7366779664487666,0.0638216541681457,True
2025-01-31,493.48,2025-03-17,18.7909,15.3224,20.7572,2.6751582626583854,15.767,12.8229,18.2577,3.023900000000001,0.34874173734161573,0.13036303018388923,True
2025-01-31,518.15,2025-03-17,9.9782,8.2471,13.6819,-21.86110550823446,33.9335,30.5692,36.004,-23.9553,-2.094194491765542,0.09579545238353651,True
2025-01-31,542.83,2025-03-17,3.9072,1.2273,6.6621,-46.407315069062975,49.968,47.7753,53.2101,-46.0608,0.34651506906297413,-0.007466820016355037,False
2025-01-31,444.13,2025-04-01,55.0909,51.2197,56.6545,52.5572715602641,1.5531,0.01,5.4448,53.5378,0.9805284397358989,0.018656380185405722,True
2025-01-31,468.81,2025-04-01,34.1115,30.2078,35.6426,28.05549744481891,5.0285,2.0219,7.4567,29.083,1.027502555181087,0.03662392931018369,True
2025-01-31,493.48,2025-04-01,17.6976,14.9852,20.42,3.563651114671643,13.2068,11.5722,17.007,4.490800000000002,0.9271488853283589,0.26016825314668524,True
2025-01-31,518.15,2025-04-01,7.1121,4.4405,9.8753,-20.92819521547551,29.1561,25.5315,30.9663,-22.043999999999997,-1.1158047845244852,0.05331586278875089,True
2025-01-31,542.83,2025-04-01,1.8098,0.0963,5.5311,-45.42996933092081,49.0517,45.0922,50.527,-47.241899999999994,-1.8119306690791817,0.03988403901135665,True
