date,expiration,contract_symbol,option_type,strike,delta,gamma,delta_flag,gamma_flag
2025-01-06,2025-02-05,SPY250205C00414490,call,414.49,0.9622415795957544,0.002857840364243748,False,False
2025-01-06,2025-02-05,SPY250205P00414490,put,414.49,-0.037758420404245596,0.002857840364243748,False,False
2025-01-06,2025-02-05,SPY250205C00437510,call,437.51,0.8120046283432675,0.009075124569935202,False,False
2025-01-06,2025-02-05,SPY250205P00437510,put,437.51,-0.18799537165673252,0.009075124569935202,False,False
2025-01-06,2025-02-05,SPY250205C00460540,call,460.54,0.5363476779149025,0.013975808064754732,True,True
2025-01-06,2025-02-05,SPY250205P00460540,put,460.54,-0.46365232208509755,0.013975808064754732,True,True
2025-01-06,2025-02-05,SPY250205C00483570,call,483.57,0.24535085013668934,0.010920225224899242,False,False
2025-01-06,2025-02-05,SPY250205P00483570,put,483.57,-0.7546491498633107,0.010920225224899242,False,False
2025-01-06,2025-02-05,SPY250205C00506590,call,506.59,0.07500374712369787,0.004936301593780516,False,False
2025-01-06,2025-02-05,SPY250205P00506590,put,506.59,-0.9249962528763022,0.004936301593780516,False,False
2025-01-06,2025-02-20,SPY250220C00414490,call,414.49,0.8918943762786227,0.004325397200561702,False,False
2025-01-06,2025-02-20,SPY250220P00414490,put,414.49,-0.10810562372137733,0.004325397200561702,False,False
2025-01-06,2025-02-20,SPY250220C00437510,call,437.51,0.7498344268802462,0.007628388747191672,False,False
2025-01-06,2025-02-20,SPY250220P00437510,put,437.51,-0.25016557311975385,0.007628388747191672,False,False
2025-01-06,2025-02-20,SPY250220C00460540,call,460.54,0.5422007591384559,0.008721159347980635,True,False
2025-01-06,2025-02-20,SPY250220P00460540,put,460.54,-0.4577992408615441,0.008721159347980635,True,False
2025-01-06,2025-02-20,SPY250220C00483570,call,483.57,0.3406168036763032,0.008438663824695854,False,False
2025-01-06,2025-02-20,SPY250220P00483570,put,483.57,-0.6593831963236968,0.008438663824695854,False,False
2025-01-06,2025-02-20,SPY250220C00506590,call,506.59,0.1752802831807027,0.006116188244332665,False,False
2025-01-06,2025-02-20,SPY250220P00506590,put,506.59,-0.8247197168192972,0.006116188244332665,False,False
2025-01-06,2025-03-07,SPY250307C00414490,call,414.49,0.9349163708639696,0.0036040780949432656,False,False
2025-01-06,2025-03-07,SPY250307P00414490,put,414.49,-0.06508362913603039,0.0036040780949432656,False,False
2025-01-06,2025-03-07,SPY250307C00437510,call,437.51,0.798198796300239,0.008305430047569538,False,False
2025-01-06,2025-03-07,SPY250307P00437510,put,437.51,-0.20180120369976096,0.008305430047569538,False,False
2025-01-06,2025-03-07,SPY250307C00460540,call,460.54,0.5543673078160506,0.011410682056924618,True,False
2025-01-06,2025-03-07,SPY250307P00460540,put,460.54,-0.4456326921839494,0.011410682056924618,True,False
2025-01-06,2025-03-07,SPY250307C00483570,call,483.57,0.29805123362425257,0.010314334443521849,False,False
2025-01-06,2025-03-07,SPY250307P00483570,put,483.57,-0.7019487663757474,0.010314334443521849,False,False
2025-01-06,2025-03-07,SPY250307C00506590,call,506.59,0.1563607522952914,0.0062277423190916364,False,False
2025-01-06,2025-03-07,SPY250307P00506590,put,506.59,-0.8436392477047086,0.0062277423190916364,False,False
2025-01-07,2025-02-06,SPY250206C00417690,call,417.69,0.9593550805329412,0.002951556631837017,False,False
2025-01-07,2025-02-06,SPY250206P00417690,put,417.69,-0.04064491946705884,0.002951556631837017,False,False
2025-01-07,2025-02-06,SPY250206C00440890,call,440.89,0.8292175719119135,0.009157452920427933,False,False
2025-01-07,2025-02-06,SPY250206P00440890,put,440.89,-0.17078242808808652,0.009157452920427933,False,False
2025-01-07,2025-02-06,SPY250206C00464100,call,464.1,0.5354184115507994,0.012806772154671933,True,False
2025-01-07,2025-02-06,SPY250206P00464100,put,464.1,-0.4645815884492006,0.012806772154671933,True,False
2025-01-07,2025-02-06,SPY250206C00487310,call,487.31,0.22575840713809225,0.01122453321121533,False,False
2025-01-07,2025-02-06,SPY250206P00487310,put,487.31,-0.7742415928619077,0.01122453321121533,False,False
2025-01-07,2025-02-06,SPY250206C00510510,call,510.51,0.07094179427333992,0.004784373077753978,False,False
2025-01-07,2025-02-06,SPY250206P00510510,put,510.51,-0.9290582057266601,0.004784373077753978,False,False
2025-01-07,2025-02-21,SPY250221C00417690,call,417.69,0.8954788289320472,0.004261179012638067,False,False
2025-01-07,2025-02-21,SPY250221P00417690,put,417.69,-0.10452117106795278,0.004261179012638067,False,False
2025-01-07,2025-02-21,SPY250221C00440890,call,440.89,0.7327782975775665,0.007122523601310417,False,False
2025-01-07,2025-02-21,SPY250221P00440890,put,440.89,-0.2672217024224335,0.007122523601310417,False,False
2025-01-07,2025-02-21,SPY250221C00464100,call,464.1,0.5421648898572873,0.008852607476229785,True,False
2025-01-07,2025-02-21,SPY250221P00464100,put,464.1,-0.4578351101427127,0.008852607476229785,True,False
2025-01-07,2025-02-21,SPY250221C00487310,call,487.31,0.34963684655888116,0.008042955327105368,False,False
2025-01-07,2025-02-21,SPY250221P00487310,put,487.31,-0.6503631534411188,0.008042955327105368,False,False
2025-01-07,2025-02-21,SPY250221C00510510,call,510.51,0.1985505454693176,0.0060017838261990746,False,False
2025-01-07,2025-02-21,SPY250221P00510510,put,510.51,-0.8014494545306824,0.0060017838261990746,False,False
2025-01-07,2025-03-08,SPY250308C00417690,call,417.69,0.9377709146773388,0.00350960691089001,False,False
2025-01-07,2025-03-08,SPY250308P00417690,put,417.69,-0.06222908532266125,0.00350960691089001,False,False
2025-01-07,2025-03-08,SPY250308C00440890,call,440.89,0.7856462522034107,0.008052567747361683,False,False
2025-01-07,2025-03-08,SPY250308P00440890,put,440.89,-0.21435374779658933,0.008052567747361683,False,False
2025-01-07,2025-03-08,SPY250308C00464100,call,464.1,0.5524326395149358,0.010467257716323383,True,False
2025-01-07,2025-03-08,SPY250308P00464100,put,464.1,-0.4475673604850642,0.010467257716323383,True,False
2025-01-07,2025-03-08,SPY250308C00487310,call,487.31,0.3015278901501236,0.01010938405058341,False,False
2025-01-07,2025-03-08,SPY250308P00487310,put,487.31,-0.6984721098498764,0.01010938405058341,False,False
2025-01-07,2025-03-08,SPY250308C00510510,call,510.51,0.1266869891620837,0.006008037859980014,False,False
2025-01-07,2025-03-08,SPY250308P00510510,put,510.51,-0.8733130108379163,0.006008037859980014,False,False
2025-01-08,2025-02-07,SPY250207C00417080,call,417.08,0.9599245382339201,0.0029327668584726565,False,False
2025-01-08,2025-02-07,SPY250207P00417080,put,417.08,-0.0400754617660799,0.0029327668584726565,False,False
2025-01-08,2025-02-07,SPY250207C00440250,call,440.25,0.8031464942285138,0.008908044732394673,False,False
2025-01-08,2025-02-07,SPY250207P00440250,put,440.25,-0.1968535057714862,0.008908044732394673,False,False
2025-01-08,2025-02-07,SPY250207C00463420,call,463.42,0.5372238785275232,0.01472750061576006,True,True
2025-01-08,2025-02-07,SPY250207P00463420,put,463.42,-0.4627761214724768,0.01472750061576006,True,True
2025-01-08,2025-02-07,SPY250207C00486590,call,486.59,0.24064743781630493,0.010960340157736136,False,False
2025-01-08,2025-02-07,SPY250207P00486590,put,486.59,-0.7593525621836951,0.010960340157736136,False,False
2025-01-08,2025-02-07,SPY250207C00509760,call,509.76,0.08879177224815582,0.005233809321200078,False,False
2025-01-08,2025-02-07,SPY250207P00509760,put,509.76,-0.9112082277518442,0.005233809321200078,False,False
2025-01-08,2025-02-22,SPY250222C00417080,call,417.08,0.8947690663008696,0.004272025205831975,False,False
2025-01-08,2025-02-22,SPY250222P00417080,put,417.08,-0.10523093369913039,0.004272025205831975,False,False
2025-01-08,2025-02-22,SPY250222C00440250,call,440.25,0.7462892065499633,0.007489275938695479,False,False
2025-01-08,2025-02-22,SPY250222P00440250,put,440.25,-0.25371079345003666,0.007489275938695479,False,False
2025-01-08,2025-02-22,SPY250222C00463420,call,463.42,0.5423034672463027,0.008648275793013463,True,False
2025-01-08,2025-02-22,SPY250222P00463420,put,463.42,-0.45769653275369726,0.008648275793013463,True,False
2025-01-08,2025-02-22,SPY250222C00486590,call,486.59,0.3392985267528364,0.008439740626736119,False,False
2025-01-08,2025-02-22,SPY250222P00486590,put,486.59,-0.6607014732471637,0.008439740626736119,False,False
2025-01-08,2025-02-22,SPY250222C00509760,call,509.76,0.20055744820557792,0.006004941657760771,False,False
2025-01-08,2025-02-22,SPY250222P00509760,put,509.76,-0.7994425517944221,0.006004941657760771,False,False
2025-01-08,2025-03-09,SPY250309C00417080,call,417.08,0.9443107912098755,0.0033421393085220417,False,False
2025-01-08,2025-03-09,SPY250309P00417080,put,417.08,-0.05568920879012451,0.0033421393085220417,False,False
2025-01-08,2025-03-09,SPY250309C00440250,call,440.25,0.7923993043287125,0.008164688757911888,False,False
2025-01-08,2025-03-09,SPY250309P00440250,put,440.25,-0.20760069567128747,0.008164688757911888,False,False
2025-01-08,2025-03-09,SPY250309C00463420,call,463.42,0.5543105558778804,0.011225017740452689,True,False
2025-01-08,2025-03-09,SPY250309P00463420,put,463.42,-0.44568944412211964,0.011225017740452689,True,False
2025-01-08,2025-03-09,SPY250309C00486590,call,486.59,0.3175391874869484,0.00958629419885035,False,False
2025-01-08,2025-03-09,SPY250309P00486590,put,486.59,-0.6824608125130516,0.00958629419885035,False,False
2025-01-08,2025-03-09,SPY250309C00509760,call,509.76,0.10954770839737277,0.005821579015706569,False,False
2025-01-08,2025-03-09,SPY250309P00509760,put,509.76,-0.8904522916026272,0.005821579015706569,False,False
2025-01-09,2025-02-08,SPY250208C00408730,call,408.73,0.9591374462328066,0.0030239465448341695,False,False
2025-01-09,2025-02-08,SPY250208P00408730,put,408.73,-0.04086255376719339,0.0030239465448341695,False,False
2025-01-09,2025-02-08,SPY250208C00431430,call,431.43,0.8050864399492601,0.009113403593561817,False,False
2025-01-09,2025-02-08,SPY250208P00431430,put,431.43,-0.1949135600507399,0.009113403593561817,False,False
2025-01-09,2025-02-08,SPY250208C00454140,call,454.14,0.5360691616378578,0.013623171081776297,True,False
2025-01-09,2025-02-08,SPY250208P00454140,put,454.14,-0.4639308383621422,0.013623171081776297,True,False
2025-01-09,2025-02-08,SPY250208C00476850,call,476.85,0.2588987919443344,0.0107566806244882,False,False
2025-01-09,2025-02-08,SPY250208P00476850,put,476.85,-0.7411012080556656,0.0107566806244882,False,False
2025-01-09,2025-02-08,SPY250208C00499550,call,499.55,0.06910996057750299,0.004837276031547626,False,False
2025-01-09,2025-02-08,SPY250208P00499550,put,499.55,-0.930890039422497,0.004837276031547626,False,False
2025-01-09,2025-02-23,SPY250223C00408730,call,408.73,0.8843889431753085,0.004441469941689326,False,False
2025-01-09,2025-02-23,SPY250223P00408730,put,408.73,-0.11561105682469153,0.004441469941689326,False,False
2025-01-09,2025-02-23,SPY250223C00431430,call,431.43,0.7353739332868912,0.007343885094103635,False,False
2025-01-09,2025-02-23,SPY250223P00431430,put,431.43,-0.26462606671310884,0.007343885094103635,False,False
2025-01-09,2025-02-23,SPY250223C00454140,call,454.14,0.5425239613667712,0.009233924506596101,True,False
2025-01-09,2025-02-23,SPY250223P00454140,put,454.14,-0.45747603863322883,0.009233924506596101,True,False
2025-01-09,2025-02-23,SPY250223C00476850,call,476.85,0.3395879788272693,0.00860211251434449,False,False
2025-01-09,2025-02-23,SPY250223P00476850,put,476.85,-0.6604120211727307,0.00860211251434449,False,False
2025-01-09,2025-02-23,SPY250223C00499550,call,499.55,0.179613729493721,0.006198954988521102,False,False
2025-01-09,2025-02-23,SPY250223P00499550,put,499.55,-0.820386270506279,0.006198954988521102,False,False
2025-01-09,2025-03-10,SPY250310C00408730,call,408.73,0.9451837995487643,0.0033851669035225304,False,False
2025-01-09,2025-03-10,SPY250310P00408730,put,408.73,-0.0548162004512357,0.0033851669035225304,False,False
2025-01-09,2025-03-10,SPY250310C00431430,call,431.43,0.8100578103526863,0.008566938272172633,False,False
2025-01-09,2025-03-10,SPY250310P00431430,put,431.43,-0.1899421896473137,0.008566938272172633,False,False
2025-01-09,2025-03-10,SPY250310C00454140,call,454.14,0.5537384823371363,0.011141542045528223,True,False
2025-01-09,2025-03-10,SPY250310P00454140,put,454.14,-0.4462615176628637,0.011141542045528223,True,False
2025-01-09,2025-03-10,SPY250310C00476850,call,476.85,0.31595870258925474,0.009841065699441575,False,False
2025-01-09,2025-03-10,SPY250310P00476850,put,476.85,-0.6840412974107453,0.009841065699441575,False,False
2025-01-09,2025-03-10,SPY250310C00499550,call,499.55,0.13010630871412115,0.006177082128784606,False,False
2025-01-09,2025-03-10,SPY250310P00499550,put,499.55,-0.8698936912858788,0.006177082128784606,False,False
2025-01-10,2025-02-09,SPY250209C00424730,call,424.73,0.9673555515625774,0.002569343166944146,False,False
2025-01-10,2025-02-09,SPY250209P00424730,put,424.73,-0.032644448437422646,0.002569343166944146,False,False
2025-01-10,2025-02-09,SPY250209C00448320,call,448.32,0.811250564849936,0.008842808756914967,False,False
2025-01-10,2025-02-09,SPY250209P00448320,put,448.32,-0.18874943515006404,0.008842808756914967,False,False
2025-01-10,2025-02-09,SPY250209C00471920,call,471.92,0.5376366522466379,0.01480356634076854,True,True
2025-01-10,2025-02-09,SPY250209P00471920,put,471.92,-0.4623633477533621,0.01480356634076854,True,True
2025-01-10,2025-02-09,SPY250209C00495520,call,495.52,0.23578965797483575,0.010861802836759322,False,False
2025-01-10,2025-02-09,SPY250209P00495520,put,495.52,-0.7642103420251642,0.010861802836759322,False,False
2025-01-10,2025-02-09,SPY250209C00519110,call,519.11,0.08320941910535135,0.005019534722583925,False,False
2025-01-10,2025-02-09,SPY250209P00519110,put,519.11,-0.9167905808946486,0.005019534722583925,False,False
2025-01-10,2025-02-24,SPY250224C00424730,call,424.73,0.8917503493594647,0.004220371995942861,False,False
2025-01-10,2025-02-24,SPY250224P00424730,put,424.73,-0.10824965064053527,0.004220371995942861,False,False
2025-01-10,2025-02-24,SPY250224C00448320,call,448.32,0.742093726365957,0.007243959691658621,False,False
2025-01-10,2025-02-24,SPY250224P00448320,put,448.32,-0.25790627363404295,0.007243959691658621,False,False
2025-01-10,2025-02-24,SPY250224C00471920,call,471.92,0.5426737701382358,0.009101898487340295,True,False
2025-01-10,2025-02-24,SPY250224P00471920,put,471.92,-0.4573262298617642,0.009101898487340295,True,False
2025-01-10,2025-02-24,SPY250224C00495520,call,495.52,0.33855174904601426,0.008315013902507823,False,False
2025-01-10,2025-02-24,SPY250224P00495520,put,495.52,-0.6614482509539857,0.008315013902507823,False,False
2025-01-10,2025-02-24,SPY250224C00519110,call,519.11,0.17620034922598682,0.0059702234579145485,False,False
2025-01-10,2025-02-24,SPY250224P00519110,put,519.11,-0.8237996507740132,0.0059702234579145485,False,False
2025-01-10,2025-03-11,SPY250311C00424730,call,424.73,0.9403219477239978,0.00338593974579217,False,False
2025-01-10,2025-03-11,SPY250311P00424730,put,424.73,-0.0596780522760022,0.00338593974579217,False,False
2025-01-10,2025-03-11,SPY250311C00448320,call,448.32,0.7921826666464218,0.008009694440153042,False,False
2025-01-10,2025-03-11,SPY250311P00448320,put,448.32,-0.20781733335357822,0.008009694440153042,False,False
2025-01-10,2025-03-11,SPY250311C00471920,call,471.92,0.5546299506962833,0.011116529681129167,True,False
2025-01-10,2025-03-11,SPY250311P00471920,put,471.92,-0.4453700493037167,0.011116529681129167,True,False
2025-01-10,2025-03-11,SPY250311C00495520,call,495.52,0.30608932982746856,0.009810546226680306,False,False
2025-01-10,2025-03-11,SPY250311P00495520,put,495.52,-0.6939106701725315,0.009810546226680306,False,False
2025-01-10,2025-03-11,SPY250311C00519110,call,519.11,0.11031503644836105,0.005728718404747113,False,False
2025-01-10,2025-03-11,SPY250311P00519110,put,519.11,-0.889684963551639,0.005728718404747113,False,False
2025-01-13,2025-02-12,SPY250212C00418620,call,418.62,0.9660438363267582,0.002666142887223471,False,False
2025-01-13,2025-02-12,SPY250212P00418620,put,418.62,-0.033956163673241835,0.002666142887223471,False,False
2025-01-13,2025-02-12,SPY250212C00441870,call,441.87,0.8174297634384748,0.00903652059475093,False,False
2025-01-13,2025-02-12,SPY250212P00441870,put,441.87,-0.18257023656152516,0.00903652059475093,False,False
2025-01-13,2025-02-12,SPY250212C00465130,call,465.13,0.5367030484852165,0.01402567695391574,True,True
2025-01-13,2025-02-12,SPY250212P00465130,put,465.13,-0.46329695151478345,0.01402567695391574,True,True
2025-01-13,2025-02-12,SPY250212C00488390,call,488.39,0.27303577528181083,0.01013990972511952,False,False
2025-01-13,2025-02-12,SPY250212P00488390,put,488.39,-0.7269642247181891,0.01013990972511952,False,False
2025-01-13,2025-02-12,SPY250212C00511640,call,511.64,0.07918564880740742,0.0049967090125673476,False,False
2025-01-13,2025-02-12,SPY250212P00511640,put,511.64,-0.9208143511925926,0.0049967090125673476,False,False
2025-01-13,2025-02-27,SPY250227C00418620,call,418.62,0.887541852274351,0.0043146768604123255,False,False
2025-01-13,2025-02-27,SPY250227P00418620,put,418.62,-0.112458147725649,0.0043146768604123255,False,False
2025-01-13,2025-02-27,SPY250227C00441870,call,441.87,0.7498501355914384,0.007547001450609994,False,False
2025-01-13,2025-02-27,SPY250227P00441870,put,441.87,-0.2501498644085616,0.007547001450609994,False,False
2025-01-13,2025-02-27,SPY250227C00465130,call,465.13,0.5423429253468506,0.008522668110875304,True,False
2025-01-13,2025-02-27,SPY250227P00465130,put,465.13,-0.4576570746531494,0.008522668110875304,True,False
2025-01-13,2025-02-27,SPY250227C00488390,call,488.39,0.3288293205346544,0.008779855879837303,False,False
2025-01-13,2025-02-27,SPY250227P00488390,put,488.39,-0.6711706794653456,0.008779855879837303,False,False
2025-01-13,2025-02-27,SPY250227C00511640,call,511.64,0.19932104166752063,0.005989877857980751,False,False
2025-01-13,2025-02-27,SPY250227P00511640,put,511.64,-0.8006789583324794,0.005989877857980751,False,False
2025-01-13,2025-03-14,SPY250314C00418620,call,418.62,0.94147274602291,0.003405617638919315,False,False
2025-01-13,2025-03-14,SPY250314P00418620,put,418.62,-0.05852725397709002,0.003405617638919315,False,False
2025-01-13,2025-03-14,SPY250314C00441870,call,441.87,0.7924115558846676,0.008130031557577388,False,False
2025-01-13,2025-03-14,SPY250314P00441870,put,441.87,-0.2075884441153324,0.008130031557577388,False,False
2025-01-13,2025-03-14,SPY250314C00465130,call,465.13,0.5520518353523894,0.009997312603937323,True,False
2025-01-13,2025-03-14,SPY250314P00465130,put,465.13,-0.44794816464761056,0.009997312603937323,True,False
2025-01-13,2025-03-14,SPY250314C00488390,call,488.39,0.32373935933089976,0.009331397149845704,False,False
2025-01-13,2025-03-14,SPY250314P00488390,put,488.39,-0.6762606406691003,0.009331397149845704,False,False
2025-01-13,2025-03-14,SPY250314C00511640,call,511.64,0.14893717011740942,0.006146429890201055,False,False
2025-01-13,2025-03-14,SPY250314P00511640,put,511.64,-0.8510628298825906,0.006146429890201055,False,False
2025-01-14,2025-02-13,SPY250213C00430690,call,430.69,0.969018100307235,0.0024582841041491115,False,False
2025-01-14,2025-02-13,SPY250213P00430690,put,430.69,-0.03098189969276499,0.0024582841041491115,False,False
2025-01-14,2025-02-13,SPY250213C00454620,call,454.62,0.8328407463130745,0.008896117477249643,False,False
2025-01-14,2025-02-13,SPY250213P00454620,put,454.62,-0.16715925368692552,0.008896117477249643,False,False
2025-01-14,2025-02-13,SPY250213C00478550,call,478.55,0.5354701904505926,0.012215630525037637,True,False
2025-01-14,2025-02-13,SPY250213P00478550,put,478.55,-0.46452980954940737,0.012215630525037637,True,False
2025-01-14,2025-02-13,SPY250213C00502480,call,502.48,0.2506593225843093,0.010396500958158125,False,False
2025-01-14,2025-02-13,SPY250213P00502480,put,502.48,-0.7493406774156908,0.010396500958158125,False,False
2025-01-14,2025-02-13,SPY250213C00526410,call,526.41,0.07597703503234148,0.004775444751837039,False,False
2025-01-14,2025-02-13,SPY250213P00526410,put,526.41,-0.9240229649676586,0.004775444751837039,False,False
2025-01-14,2025-02-28,SPY250228C00430690,call,430.69,0.890147088297106,0.004174700036198589,False,False
2025-01-14,2025-02-28,SPY250228P00430690,put,430.69,-0.10985291170289402,0.004174700036198589,False,False
2025-01-14,2025-02-28,SPY250228C00454620,call,454.62,0.7378995845358447,0.007038492213449688,False,False
2025-01-14,2025-02-28,SPY250228P00454620,put,454.62,-0.2621004154641553,0.007038492213449688,False,False
2025-01-14,2025-02-28,SPY250228C00478550,call,478.55,0.5423790473934009,0.00860985445540712,True,False
2025-01-14,2025-02-28,SPY250228P00478550,put,478.55,-0.4576209526065991,0.00860985445540712,True,False
2025-01-14,2025-02-28,SPY250228C00502480,call,502.48,0.35739628145391666,0.007533525223823192,False,False
2025-01-14,2025-02-28,SPY250228P00502480,put,502.48,-0.6426037185460833,0.007533525223823192,False,False
2025-01-14,2025-02-28,SPY250228C00526410,call,526.41,0.1892223234498659,0.005857855312969598,False,False
2025-01-14,2025-02-28,SPY250228P00526410,put,526.41,-0.8107776765501341,0.005857855312969598,False,False
2025-01-14,2025-03-15,SPY250315C00430690,call,430.69,0.9363531572701465,0.003434286190263221,False,False
2025-01-14,2025-03-15,SPY250315P00430690,put,430.69,-0.06364684272985355,0.003434286190263221,False,False
2025-01-14,2025-03-15,SPY250315C00454620,call,454.62,0.7944596253673621,0.007936537733784575,False,False
2025-01-14,2025-03-15,SPY250315P00454620,put,454.62,-0.20554037463263786,0.007936537733784575,False,False
2025-01-14,2025-03-15,SPY250315C00478550,call,478.55,0.5555784716271243,0.011439091655187151,True,False
2025-01-14,2025-03-15,SPY250315P00478550,put,478.55,-0.44442152837287574,0.011439091655187151,True,False
2025-01-14,2025-03-15,SPY250315C00502480,call,502.48,0.30320941570254034,0.009764652642800563,False,False
2025-01-14,2025-03-15,SPY250315P00502480,put,502.48,-0.6967905842974597,0.009764652642800563,False,False
2025-01-14,2025-03-15,SPY250315C00526410,call,526.41,0.1390514228322059,0.005922540691762003,False,False
2025-01-14,2025-03-15,SPY250315P00526410,put,526.41,-0.860948577167794,0.005922540691762003,False,False
2025-01-15,2025-02-14,SPY250214C00415080,call,415.08,0.9431895419294111,0.0035113880890534394,False,False
2025-01-15,2025-02-14,SPY250214P00415080,put,415.08,-0.05681045807058893,0.0035113880890534394,False,False
2025-01-15,2025-02-14,SPY250214C00438140,call,438.14,0.8251456420995339,0.009199884033317344,False,False
2025-01-15,2025-02-14,SPY250214P00438140,put,438.14,-0.1748543579004661,0.009199884033317344,False,False
2025-01-15,2025-02-14,SPY250214C00461200,call,461.2,0.536758845065695,0.015022000678243243,True,True
2025-01-15,2025-02-14,SPY250214P00461200,put,461.2,-0.46324115493430496,0.015022000678243243,True,True
2025-01-15,2025-02-14,SPY250214C00484260,call,484.26,0.2450896782968886,0.01089336279403476,False,False
2025-01-15,2025-02-14,SPY250214P00484260,put,484.26,-0.7549103217031115,0.01089336279403476,False,False
2025-01-15,2025-02-14,SPY250214C00507320,call,507.32,0.06857059341703277,0.004741279584411707,False,False
2025-01-15,2025-02-14,SPY250214P00507320,put,507.32,-0.9314294065829672,0.004741279584411707,False,False
2025-01-15,2025-03-01,SPY250301C00415080,call,415.08,0.8299265812280161,0.0044158776045584115,False,False
2025-01-15,2025-03-01,SPY250301P00415080,put,415.08,-0.1700734187719839,0.0044158776045584115,False,False
2025-01-15,2025-03-01,SPY250301C00438140,call,438.14,0.687346654728512,0.005693244115818553,False,False
2025-01-15,2025-03-01,SPY250301P00438140,put,438.14,-0.312653345271488,0.005693244115818553,False,False
2025-01-15,2025-03-01,SPY250301C00461200,call,461.2,0.5423965429943621,0.00680620976637524,True,False
2025-01-15,2025-03-01,SPY250301P00461200,put,461.2,-0.45760345700563787,0.00680620976637524,True,False
2025-01-15,2025-03-01,SPY250301C00484260,call,484.26,0.39583987847515467,0.006359770543452714,False,False
2025-01-15,2025-03-01,SPY250301P00484260,put,484.26,-0.6041601215248453,0.006359770543452714,False,False
2025-01-15,2025-03-01,SPY250301C00507320,call,507.32,0.2374579266242391,0.005763318591822944,False,False
2025-01-15,2025-03-01,SPY250301P00507320,put,507.32,-0.7625420733757609,0.005763318591822944,False,False
2025-01-15,2025-03-16,SPY250316C00415080,call,415.08,0.9468747347702317,0.0032905004200150995,False,False
2025-01-15,2025-03-16,SPY250316P00415080,put,415.08,-0.05312526522976835,0.0032905004200150995,False,False
2025-01-15,2025-03-16,SPY250316C00438140,call,438.14,0.7770803779688608,0.00796929319160606,False,False
2025-01-15,2025-03-16,SPY250316P00438140,put,438.14,-0.22291962203113924,0.00796929319160606,False,False
2025-01-15,2025-03-16,SPY250316C00461200,call,461.2,0.5529818041447805,0.01112974928273869,True,False
2025-01-15,2025-03-16,SPY250316P00461200,put,461.2,-0.4470181958552195,0.01112974928273869,True,False
2025-01-15,2025-03-16,SPY250316C00484260,call,484.26,0.3107076851923386,0.00983117957914951,False,False
2025-01-15,2025-03-16,SPY250316P00484260,put,484.26,-0.6892923148076614,0.00983117957914951,False,False
2025-01-15,2025-03-16,SPY250316C00507320,call,507.32,0.13640058753105716,0.006115906231205139,False,False
2025-01-15,2025-03-16,SPY250316P00507320,put,507.32,-0.8635994124689428,0.006115906231205139,False,False
2025-01-16,2025-02-15,SPY250215C00416250,call,416.25,0.9739831638724432,0.0022947864673350878,False,False
2025-01-16,2025-02-15,SPY250215P00416250,put,416.25,-0.026016836127556786,0.0022947864673350878,False,False
2025-01-16,2025-02-15,SPY250215C00439380,call,439.38,0.8351168285868118,0.009236234357314608,False,False
2025-01-16,2025-02-15,SPY250215P00439380,put,439.38,-0.1648831714131882,0.009236234357314608,False,False
2025-01-16,2025-02-15,SPY250215C00462500,call,462.5,0.535376095584075,0.013390971544367513,True,False
2025-01-16,2025-02-15,SPY250215P00462500,put,462.5,-0.46462390441592505,0.013390971544367513,True,False
2025-01-16,2025-02-15,SPY250215C00485620,call,485.62,0.23134176028149162,0.01114751285623029,False,False
2025-01-16,2025-02-15,SPY250215P00485620,put,485.62,-0.7686582397185084,0.01114751285623029,False,False
2025-01-16,2025-02-15,SPY250215C00508750,call,508.75,0.06488007288782204,0.004612965024153708,False,False
2025-01-16,2025-02-15,SPY250215P00508750,put,508.75,-0.935119927112178,0.004612965024153708,False,False
2025-01-16,2025-03-02,SPY250302C00416250,call,416.25,0.8864932481234132,0.004353598760298199,False,False
2025-01-16,2025-03-02,SPY250302P00416250,put,416.25,-0.11350675187658676,0.004353598760298199,False,False
2025-01-16,2025-03-02,SPY250302C00439380,call,439.38,0.744875907517292,0.007491842364250749,False,False
2025-01-16,2025-03-02,SPY250302P00439380,put,439.38,-0.25512409248270795,0.007491842364250749,False,False
2025-01-16,2025-03-02,SPY250302C00462500,call,462.5,0.5417074613996664,0.008807446423968227,True,False
2025-01-16,2025-03-02,SPY250302P00462500,put,462.5,-0.4582925386003336,0.008807446423968227,True,False
2025-01-16,2025-03-02,SPY250302C00485620,call,485.62,0.3219069004856148,0.009040015650428472,False,False
2025-01-16,2025-03-02,SPY250302P00485620,put,485.62,-0.6780930995143852,0.009040015650428472,False,False
2025-01-16,2025-03-02,SPY250302C00508750,call,508.75,0.1691508052822306,0.006084077662069647,False,False
2025-01-16,2025-03-02,SPY250302P00508750,put,508.75,-0.8308491947177694,0.006084077662069647,False,False
2025-01-16,2025-03-17,SPY250317C00416250,call,416.25,0.9305675275892596,0.0036906494295575677,False,False
2025-01-16,2025-03-17,SPY250317P00416250,put,416.25,-0.06943247241074035,0.0036906494295575677,False,False
2025-01-16,2025-03-17,SPY250317C00439380,call,439.38,0.7863403471796782,0.008115776638670764,False,False
2025-01-16,2025-03-17,SPY250317P00439380,put,439.38,-0.21365965282032184,0.008115776638670764,False,False
2025-01-16,2025-03-17,SPY250317C00462500,call,462.5,0.5544247140437482,0.01182755048346063,True,False
2025-01-16,2025-03-17,SPY250317P00462500,put,462.5,-0.44557528595625184,0.01182755048346063,True,False
2025-01-16,2025-03-17,SPY250317C00485620,call,485.62,0.30005983514720574,0.010166439630635328,False,False
2025-01-16,2025-03-17,SPY250317P00485620,put,485.62,-0.6999401648527943,0.010166439630635328,False,False
2025-01-16,2025-03-17,SPY250317C00508750,call,508.75,0.13352461479775318,0.006076963769169837,False,False
2025-01-16,2025-03-17,SPY250317P00508750,put,508.75,-0.8664753852022469,0.006076963769169837,False,False
2025-01-17,2025-02-16,SPY250216C00415960,call,415.96,0.9551681850619326,0.003121239914483048,False,False
2025-01-17,2025-02-16,SPY250216P00415960,put,415.96,-0.04483181493806743,0.003121239914483048,False,False
2025-01-17,2025-02-16,SPY250216C00439070,call,439.07,0.818057581063743,0.009116135980529587,False,False
2025-01-17,2025-02-16,SPY250216P00439070,put,439.07,-0.18194241893625696,0.009116135980529587,False,False
2025-01-17,2025-02-16,SPY250216C00462180,call,462.18,0.5365138697535045,0.014554367339706616,True,True
2025-01-17,2025-02-16,SPY250216P00462180,put,462.18,-0.46348613024649554,0.014554367339706616,True,True
2025-01-17,2025-02-16,SPY250216C00485290,call,485.29,0.2542606552077904,0.010664323101720646,False,False
2025-01-17,2025-02-16,SPY250216P00485290,put,485.29,-0.7457393447922096,0.010664323101720646,False,False
2025-01-17,2025-02-16,SPY250216C00508400,call,508.4,0.0814148307999295,0.005077879409911664,False,False
2025-01-17,2025-02-16,SPY250216P00508400,put,508.4,-0.9185851692000705,0.005077879409911664,False,False
2025-01-17,2025-03-03,SPY250303C00415960,call,415.96,0.8945633817320342,0.004289542153688992,False,False
2025-01-17,2025-03-03,SPY250303P00415960,put,415.96,-0.1054366182679658,0.004289542153688992,False,False
2025-01-17,2025-03-03,SPY250303C00439070,call,439.07,0.7378426766890456,0.007301856943886609,False,False
2025-01-17,2025-03-03,SPY250303P00439070,put,439.07,-0.2621573233109544,0.007301856943886609,False,False
2025-01-17,2025-03-03,SPY250303C00462180,call,462.18,0.5420804335936314,0.009228521833747122,True,False
2025-01-17,2025-03-03,SPY250303P00462180,put,462.18,-0.45791956640636855,0.009228521833747122,True,False
2025-01-17,2025-03-03,SPY250303C00485290,call,485.29,0.33492979706592707,0.008597301309673967,False,False
2025-01-17,2025-03-03,SPY250303P00485290,put,485.29,-0.6650702029340729,0.008597301309673967,False,False
2025-01-17,2025-03-03,SPY250303C00508400,call,508.4,0.2048620152390126,0.00599147811252356,False,False
2025-01-17,2025-03-03,SPY250303P00508400,put,508.4,-0.7951379847609874,0.00599147811252356,False,False
2025-01-17,2025-03-18,SPY250318C00415960,call,415.96,0.9186817374244678,0.003914311018060967,False,False
2025-01-17,2025-03-18,SPY250318P00415960,put,415.96,-0.08131826257553221,0.003914311018060967,False,False
2025-01-17,2025-03-18,SPY250318C00439070,call,439.07,0.7770488981869039,0.007945097733691597,False,False
2025-01-17,2025-03-18,SPY250318P00439070,put,439.07,-0.22295110181309608,0.007945097733691597,False,False
2025-01-17,2025-03-18,SPY250318C00462180,call,462.18,0.551952824314369,0.01046032090655432,True,False
2025-01-17,2025-03-18,SPY250318P00462180,put,462.18,-0.448047175685631,0.01046032090655432,True,False
2025-01-17,2025-03-18,SPY250318C00485290,call,485.29,0.3112143146259303,0.009801966453308658,False,False
2025-01-17,2025-03-18,SPY250318P00485290,put,485.29,-0.6887856853740697,0.009801966453308658,False,False
2025-01-17,2025-03-18,SPY250318C00508400,call,508.4,0.11081951752649216,0.005844806713629781,False,False
2025-01-17,2025-03-18,SPY250318P00508400,put,508.4,-0.8891804824735079,0.005844806713629781,False,False
2025-01-20,2025-02-19,SPY250219C00429670,call,429.67,0.9699088851976959,0.0024228626671411488,False,False
2025-01-20,2025-02-19,SPY250219P00429670,put,429.67,-0.0009644226593216176,0.0001928061493738016,False,False
2025-01-20,2025-02-19,SPY250219C00453540,call,453.54,0.8295112742068808,0.008900889254104077,False,False
2025-01-20,2025-02-19,SPY250219P00453540,put,453.54,-0.17048872579311924,0.008900889254104077,False,False
2025-01-20,2025-02-19,SPY250219C00477410,call,477.41,0.5361407970651115,0.013146747064695447,True,False
2025-01-20,2025-02-19,SPY250219P00477410,put,477.41,-0.46385920293488847,0.013146747064695447,True,False
2025-01-20,2025-02-19,SPY250219C00501280,call,501.28,0.26618769755969196,0.010052588036931827,False,False
2025-01-20,2025-02-19,SPY250219P00501280,put,501.28,-0.733812302440308,0.010052588036931827,False,False
2025-01-20,2025-02-19,SPY250219C00525150,call,525.15,0.07658544511686213,0.0048027845146171415,False,False
2025-01-20,2025-02-19,SPY250219P00525150,put,525.15,-0.9234145548831378,0.0048027845146171415,False,False
2025-01-20,2025-03-06,SPY250306C00429670,call,429.67,0.8897940095329978,0.0041880588925863405,False,False
2025-01-20,2025-03-06,SPY250306P00429670,put,429.67,-0.023176519644292237,0.0020330705756831714,False,False
2025-01-20,2025-03-06,SPY250306C00453540,call,453.54,0.7357174103618546,0.006998840444124291,False,False
2025-01-20,2025-03-06,SPY250306P00453540,put,453.54,-0.26428258963814544,0.006998840444124291,False,False
2025-01-20,2025-03-06,SPY250306C00477410,call,477.41,0.5422232034771,0.008240105243691651,True,False
2025-01-20,2025-03-06,SPY250306P00477410,put,477.41,-0.45777679652290004,0.008240105243691651,True,False
2025-01-20,2025-03-06,SPY250306C00501280,call,501.28,0.33528628920485454,0.008329695012072787,False,False
2025-01-20,2025-03-06,SPY250306P00501280,put,501.28,-0.6647137107951455,0.008329695012072787,False,False
2025-01-20,2025-03-06,SPY250306C00525150,call,525.15,0.18123281050274437,0.005892310779324144,False,False
2025-01-20,2025-03-06,SPY250306P00525150,put,525.15,-0.8187671894972557,0.005892310779324144,False,False
2025-01-20,2025-03-21,SPY250321C00429670,call,429.67,0.939118736899055,0.0033775714177730473,False,False
2025-01-20,2025-03-21,SPY250321P00429670,put,429.67,-0.005555673012231366,0.0007419470055405044,False,False
2025-01-20,2025-03-21,SPY250321C00453540,call,453.54,0.7779559369580429,0.0076891264430646615,False,False
2025-01-20,2025-03-21,SPY250321P00453540,put,453.54,-0.22204406304195712,0.0076891264430646615,False,False
2025-01-20,2025-03-21,SPY250321C00477410,call,477.41,0.5541746242356129,0.010861815096625782,True,False
2025-01-20,2025-03-21,SPY250321P00477410,put,477.41,-0.4458253757643871,0.010861815096625782,True,False
2025-01-20,2025-03-21,SPY250321C00501280,call,501.28,0.3002757528682064,0.00988465077658536,False,False
2025-01-20,2025-03-21,SPY250321P00501280,put,501.28,-0.6997242471317936,0.00988465077658536,False,False
2025-01-20,2025-03-21,SPY250321C00525150,call,525.15,0.15025489753203863,0.005990717392057549,False,False
2025-01-20,2025-03-21,SPY250321P00525150,put,525.15,-0.8497451024679614,0.005990717392057549,False,False
2025-01-21,2025-02-20,SPY250220C00433260,call,433.26,0.9671251445170531,0.002529778635703474,False,False
2025-01-21,2025-02-20,SPY250220P00433260,put,433.26,-0.032874855482946885,0.002529778635703474,False,False
2025-01-21,2025-02-20,SPY250220C00457330,call,457.33,0.7987219014833202,0.008520042007542293,False,False
2025-01-21,2025-02-20,SPY250220P00457330,put,457.33,-0.20127809851667977,0.008520042007542293,False,False
2025-01-21,2025-02-20,SPY250220C00481400,call,481.4,0.5353824220938139,0.012246855041275782,True,False
2025-01-21,2025-02-20,SPY250220P00481400,put,481.4,-0.4646175779061861,0.012246855041275782,True,False
2025-01-21,2025-02-20,SPY250220C00505470,call,505.47,0.24779489383613879,0.010393098332316017,False,False
2025-01-21,2025-02-20,SPY250220P00505470,put,505.47,-0.7522051061638613,0.010393098332316017,False,False
2025-01-21,2025-02-20,SPY250220C00529540,call,529.54,0.0713442651503902,0.0046238383664055464,False,False
2025-01-21,2025-02-20,SPY250220P00529540,put,529.54,-0.9286557348496098,0.0046238383664055464,False,False
2025-01-21,2025-03-07,SPY250307C00433260,call,433.26,0.8948496079997346,0.004113329669718957,False,False
2025-01-21,2025-03-07,SPY250307P00433260,put,433.26,-0.10515039200026544,0.004113329669718957,False,False
2025-01-21,2025-03-07,SPY250307C00457330,call,457.33,0.7311488419355353,0.00682260990020142,False,False
2025-01-21,2025-03-07,SPY250307P00457330,put,457.33,-0.2688511580644647,0.00682260990020142,False,False
2025-01-21,2025-03-07,SPY250307C00481400,call,481.4,0.5420992931277692,0.008255438049298297,True,False
2025-01-21,2025-03-07,SPY250307P00481400,put,481.4,-0.45790070687223083,0.008255438049298297,True,False
2025-01-21,2025-03-07,SPY250307C00505470,call,505.47,0.3394606559813093,0.00811079989360284,False,False
2025-01-21,2025-03-07,SPY250307P00505470,put,505.47,-0.6605393440186906,0.00811079989360284,False,False
2025-01-21,2025-03-07,SPY250307C00529540,call,529.54,0.1886534458790548,0.005822970745114267,False,False
2025-01-21,2025-03-07,SPY250307P00529540,put,529.54,-0.8113465541209453,0.005822970745114267,False,False
2025-01-21,2025-03-22,SPY250322C00433260,call,433.26,0.9425979770992875,0.0032640186460115373,False,False
2025-01-21,2025-03-22,SPY250322P00433260,put,433.26,-0.0574020229007125,0.0032640186460115373,False,False
2025-01-21,2025-03-22,SPY250322C00457330,call,457.33,0.7909364774688632,0.00784611281288636,False,False
2025-01-21,2025-03-22,SPY250322P00457330,put,457.33,-0.2090635225311368,0.00784611281288636,False,False
2025-01-21,2025-03-22,SPY250322C00481400,call,481.4,0.5535541768213811,0.010604852435779128,True,False
2025-01-21,2025-03-22,SPY250322P00481400,put,481.4,-0.4464458231786189,0.010604852435779128,True,False
2025-01-21,2025-03-22,SPY250322C00505470,call,505.47,0.30208129099021314,0.009732869601754788,False,False
2025-01-21,2025-03-22,SPY250322P00505470,put,505.47,-0.6979187090097869,0.009732869601754788,False,False
2025-01-21,2025-03-22,SPY250322C00529540,call,529.54,0.12257420608788855,0.0057539545365105785,False,False
2025-01-21,2025-03-22,SPY250322P00529540,put,529.54,-0.8774257939121115,0.0057539545365105785,False,False
2025-01-22,2025-02-21,SPY250221C00430070,call,430.07,0.9606069597038482,0.0028174238196616024,False,False
2025-01-22,2025-02-21,SPY250221P00430070,put,430.07,-0.03939304029615176,0.0028174238196616024,False,False
2025-01-22,2025-02-21,SPY250221C00453970,call,453.97,0.8047413842117639,0.008659166933197508,False,False
2025-01-22,2025-02-21,SPY250221P00453970,put,453.97,-0.1952586157882361,0.008659166933197508,False,False
2025-01-22,2025-02-21,SPY250221C00477860,call,477.86,0.5368145621479218,0.013814282382834789,True,True
2025-01-22,2025-02-21,SPY250221P00477860,put,477.86,-0.4631854378520782,0.013814282382834789,True,True
2025-01-22,2025-02-21,SPY250221C00501750,call,501.75,0.2559270610823717,0.010295250391292065,False,False
2025-01-22,2025-02-21,SPY250221P00501750,put,501.75,-0.7440729389176284,0.010295250391292065,False,False
2025-01-22,2025-02-21,SPY250221C00525650,call,525.65,0.07218813415901419,0.004682747655348427,False,False
2025-01-22,2025-02-21,SPY250221P00525650,put,525.65,-0.9278118658409858,0.004682747655348427,False,False
2025-01-22,2025-03-08,SPY250308C00430070,call,430.07,0.8924033617717215,0.004162316773417655,False,False
2025-01-22,2025-03-08,SPY250308P00430070,put,430.07,-0.10759663822827847,0.004162316773417655,False,False
2025-01-22,2025-03-08,SPY250308C00453970,call,453.97,0.7492667584158452,0.00733511753841315,False,False
2025-01-22,2025-03-08,SPY250308P00453970,put,453.97,-0.2507332415841548,0.00733511753841315,False,False
2025-01-22,2025-03-08,SPY250308C00477860,call,477.86,0.5430555805640196,0.009527603396967994,True,False
2025-01-22,2025-03-08,SPY250308P00477860,put,477.86,-0.4569444194359804,0.009527603396967994,True,False
2025-01-22,2025-03-08,SPY250308C00501750,call,501.75,0.3550243491321547,0.007632883493134634,False,False
2025-01-22,2025-03-08,SPY250308P00501750,put,501.75,-0.6449756508678453,0.007632883493134634,False,False
2025-01-22,2025-03-08,SPY250308C00525650,call,525.65,0.18529094458224188,0.005878288897664096,False,False
2025-01-22,2025-03-08,SPY250308P00525650,put,525.65,-0.8147090554177581,0.005878288897664096,False,False
2025-01-22,2025-03-23,SPY250323C00430070,call,430.07,0.9373439765495024,0.003415725436451819,False,False
2025-01-22,2025-03-23,SPY250323P00430070,put,430.07,-0.06265602345049759,0.003415725436451819,False,False
2025-01-22,2025-03-23,SPY250323C00453970,call,453.97,0.7969187643696627,0.007981946847799286,False,False
2025-01-22,2025-03-23,SPY250323P00453970,put,453.97,-0.2030812356303373,0.007981946847799286,False,False
2025-01-22,2025-03-23,SPY250323C00477860,call,477.86,0.5546310602290178,0.011002028069841437,True,False
2025-01-22,2025-03-23,SPY250323P00477860,put,477.86,-0.44536893977098224,0.011002028069841437,True,False
2025-01-22,2025-03-23,SPY250323C00501750,call,501.75,0.3198845738381732,0.009218309274755422,False,False
2025-01-22,2025-03-23,SPY250323P00501750,put,501.75,-0.6801154261618267,0.009218309274755422,False,False
2025-01-22,2025-03-23,SPY250323C00525650,call,525.65,0.1275871152546273,0.0058479444015390614,False,False
2025-01-22,2025-03-23,SPY250323P00525650,put,525.65,-0.8724128847453727,0.0058479444015390614,False,False
2025-01-23,2025-02-22,SPY250222C00438400,call,438.4,0.9481638421090708,0.0031814149340912206,False,False
2025-01-23,2025-02-22,SPY250222P00438400,put,438.4,-0.05183615789092921,0.0031814149340912206,False,False
2025-01-23,2025-02-22,SPY250222C00462750,call,462.75,0.8128096399977163,0.00858409725309024,False,False
2025-01-23,2025-02-22,SPY250222P00462750,put,462.75,-0.18719036000228373,0.00858409725309024,False,False
2025-01-23,2025-02-22,SPY250222C00487110,call,487.11,0.536064076571694,0.01270110259178583,True,False
2025-01-23,2025-02-22,SPY250222P00487110,put,487.11,-0.46393592342830603,0.01270110259178583,True,False
2025-01-23,2025-02-22,SPY250222C00511470,call,511.47,0.2619483972023616,0.009955737173080782,False,False
2025-01-23,2025-02-22,SPY250222P00511470,put,511.47,-0.7380516027976384,0.009955737173080782,False,False
2025-01-23,2025-02-22,SPY250222C00535820,call,535.82,0.07769246849492412,0.004734953036546213,False,False
2025-01-23,2025-02-22,SPY250222P00535820,put,535.82,-0.9223075315050759,0.004734953036546213,False,False
2025-01-23,2025-03-09,SPY250309C00438400,call,438.4,0.8936663352159544,0.004073237648278951,False,False
2025-01-23,2025-03-09,SPY250309P00438400,put,438.4,-0.1063336647840456,0.004073237648278951,False,False
2025-01-23,2025-03-09,SPY250309C00462750,call,462.75,0.7615127707333624,0.007469374776152042,False,False
2025-01-23,2025-03-09,SPY250309P00462750,put,462.75,-0.23848722926663757,0.007469374776152042,False,False
2025-01-23,2025-03-09,SPY250309C00487110,call,487.11,0.54230444879872,0.008106891529332645,True,False
2025-01-23,2025-03-09,SPY250309P00487110,put,487.11,-0.45769555120128,0.008106891529332645,True,False
2025-01-23,2025-03-09,SPY250309C00511470,call,511.47,0.3359687018140213,0.008142234237880536,False,False
2025-01-23,2025-03-09,SPY250309P00511470,put,511.47,-0.6640312981859787,0.008142234237880536,False,False
2025-01-23,2025-03-09,SPY250309C00535820,call,535.82,0.18048993847126504,0.005777450384884658,False,False
2025-01-23,2025-03-09,SPY250309P00535820,put,535.82,-0.819510061528735,0.005777450384884658,False,False
2025-01-23,2025-03-24,SPY250324C00438400,call,438.4,0.9475660916113303,0.0030902920847174094,False,False
2025-01-23,2025-03-24,SPY250324P00438400,put,438.4,-0.05243390838866968,0.0030902920847174094,False,False
2025-01-23,2025-03-24,SPY250324C00462750,call,462.75,0.7846678335937558,0.00764485035718305,False,False
2025-01-23,2025-03-24,SPY250324P00462750,put,462.75,-0.2153321664062442,0.00764485035718305,False,False
2025-01-23,2025-03-24,SPY250324C00487110,call,487.11,0.5545212544155294,0.01074137345291559,True,False
2025-01-23,2025-03-24,SPY250324P00487110,put,487.11,-0.44547874558447065,0.01074137345291559,True,False
2025-01-23,2025-03-24,SPY250324C00511470,call,511.47,0.30648479413163476,0.00948973064642097,False,False
2025-01-23,2025-03-24,SPY250324P00511470,put,511.47,-0.6935152058683652,0.00948973064642097,False,False
2025-01-23,2025-03-24,SPY250324C00535820,call,535.82,0.13954023037405272,0.005823311620289439,False,False
2025-01-23,2025-03-24,SPY250324P00535820,put,535.82,-0.8604597696259473,0.005823311620289439,False,False
2025-01-24,2025-02-23,SPY250223C00440010,call,440.01,0.9569776161775673,0.0028883518700230574,False,False
2025-01-24,2025-02-23,SPY250223P00440010,put,440.01,-0.04302238382243273,0.0028883518700230574,False,False
2025-01-24,2025-02-23,SPY250223C00464450,call,464.45,0.8111984188657669,0.008548494757819432,False,False
2025-01-24,2025-02-23,SPY250223P00464450,put,464.45,-0.18880158113423307,0.008548494757819432,False,False
2025-01-24,2025-02-23,SPY250223C00488900,call,488.9,0.5360144520771956,0.013196752760681746,True,True
2025-01-24,2025-02-23,SPY250223P00488900,put,488.9,-0.46398554792280444,0.013196752760681746,True,True
2025-01-24,2025-02-23,SPY250223C00513350,call,513.35,0.24076894960853729,0.010367728546222062,False,False
2025-01-24,2025-02-23,SPY250223P00513350,put,513.35,-0.7592310503914628,0.010367728546222062,False,False
2025-01-24,2025-02-23,SPY250223C00537790,call,537.79,0.07828692621512644,0.004727780055890726,False,False
2025-01-24,2025-02-23,SPY250223P00537790,put,537.79,-0.9217130737848735,0.004727780055890726,False,False
2025-01-24,2025-03-10,SPY250310C00440010,call,440.01,0.8864327821278174,0.0041170467736052355,False,False
2025-01-24,2025-03-10,SPY250310P00440010,put,440.01,-0.1135672178721826,0.0041170467736052355,False,False
2025-01-24,2025-03-10,SPY250310C00464450,call,464.45,0.7325888959437576,0.006763643081248271,False,False
2025-01-24,2025-03-10,SPY250310P00464450,put,464.45,-0.26741110405624235,0.006763643081248271,False,False
2025-01-24,2025-03-10,SPY250310C00488900,call,488.9,0.5418374307494751,0.008120791253235227,True,False
2025-01-24,2025-03-10,SPY250310P00488900,put,488.9,-0.4581625692505249,0.008120791253235227,True,False
2025-01-24,2025-03-10,SPY250310C00513350,call,513.35,0.34769412488927404,0.007692912152734819,False,False
2025-01-24,2025-03-10,SPY250310P00513350,put,513.35,-0.652305875110726,0.007692912152734819,False,False
2025-01-24,2025-03-10,SPY250310C00537790,call,537.79,0.1804432249241899,0.0057488792072967355,False,False
2025-01-24,2025-03-10,SPY250310P00537790,put,537.79,-0.8195567750758102,0.0057488792072967355,False,False
2025-01-24,2025-03-25,SPY250325C00440010,call,440.01,0.9156988554057081,0.0037454714921123654,False,False
2025-01-24,2025-03-25,SPY250325P00440010,put,440.01,-0.08430114459429194,0.0037454714921123654,False,False
2025-01-24,2025-03-25,SPY250325C00464450,call,464.45,0.8010076536783344,0.007875204316698409,False,False
2025-01-24,2025-03-25,SPY250325P00464450,put,464.45,-0.19899234632166563,0.007875204316698409,False,False
2025-01-24,2025-03-25,SPY250325C00488900,call,488.9,0.5526394488104456,0.010220646061377351,True,False
2025-01-24,2025-03-25,SPY250325P00488900,put,488.9,-0.4473605511895544,0.010220646061377351,True,False
2025-01-24,2025-03-25,SPY250325C00513350,call,513.35,0.3014018182891134,0.009584305052253876,False,False
2025-01-24,2025-03-25,SPY250325P00513350,put,513.35,-0.6985981817108866,0.009584305052253876,False,False
2025-01-24,2025-03-25,SPY250325C00537790,call,537.79,0.16293125444569279,0.005870016445017755,False,False
2025-01-24,2025-03-25,SPY250325P00537790,put,537.79,-0.8370687455543072,0.005870016445017755,False,False
2025-01-27,2025-02-26,SPY250226C00452410,call,452.41,0.970541565232939,0.0022730074136456577,False,False
2025-01-27,2025-02-26,SPY250226P00452410,put,452.41,-0.029458434767061004,0.0022730074136456577,False,False
2025-01-27,2025-02-26,SPY250226C00477550,call,477.55,0.8377925916733827,0.00849622276510751,False,False
2025-01-27,2025-02-26,SPY250226P00477550,put,477.55,-0.1622074083266173,0.00849622276510751,False,False
2025-01-27,2025-02-26,SPY250226C00502680,call,502.68,0.5355775899410709,0.012045557298322082,True,False
2025-01-27,2025-02-26,SPY250226P00502680,put,502.68,-0.46442241005892915,0.012045557298322082,True,False
2025-01-27,2025-02-26,SPY250226C00527810,call,527.81,0.2378996530252963,0.010150319681966974,False,False
2025-01-27,2025-02-26,SPY250226P00527810,put,527.81,-0.7621003469747036,0.010150319681966974,False,False
2025-01-27,2025-02-26,SPY250226C00552950,call,552.95,0.08494510340382766,0.004745997941230835,False,False
2025-01-27,2025-02-26,SPY250226P00552950,put,552.95,-0.9150548965961723,0.004745997941230835,False,False
2025-01-27,2025-03-13,SPY250313C00452410,call,452.41,0.8918634613099877,0.003963612050876058,False,False
2025-01-27,2025-03-13,SPY250313P00452410,put,452.41,-0.10813653869001227,0.003963612050876058,False,False
2025-01-27,2025-03-13,SPY250313C00477550,call,477.55,0.7537838765324172,0.007083769307391424,False,False
2025-01-27,2025-03-13,SPY250313P00477550,put,477.55,-0.24621612346758281,0.007083769307391424,False,False
2025-01-27,2025-03-13,SPY250313C00502680,call,502.68,0.5424420809583134,0.008664064021546944,True,False
2025-01-27,2025-03-13,SPY250313P00502680,put,502.68,-0.45755791904168663,0.008664064021546944,True,False
2025-01-27,2025-03-13,SPY250313C00527810,call,527.81,0.3335211980186886,0.007961675725978636,False,False
2025-01-27,2025-03-13,SPY250313P00527810,put,527.81,-0.6664788019813114,0.007961675725978636,False,False
2025-01-27,2025-03-13,SPY250313C00552950,call,552.95,0.18947820739438415,0.00557319667101508,False,False
2025-01-27,2025-03-13,SPY250313P00552950,put,552.95,-0.8105217926056159,0.00557319667101508,False,False
2025-01-27,2025-03-28,SPY250328C00452410,call,452.41,0.9347775002182134,0.0033056589278553784,False,False
2025-01-27,2025-03-28,SPY250328P00452410,put,452.41,-0.06522249978178662,0.0033056589278553784,False,False
2025-01-27,2025-03-28,SPY250328C00477550,call,477.55,0.7859932441024771,0.0074430054528227315,False,False
2025-01-27,2025-03-28,SPY250328P00477550,put,477.55,-0.21400675589752294,0.0074430054528227315,False,False
2025-01-27,2025-03-28,SPY250328C00502680,call,502.68,0.5533616599269902,0.010103682050659795,True,False
2025-01-27,2025-03-28,SPY250328P00502680,put,502.68,-0.44663834007300984,0.010103682050659795,True,False
2025-01-27,2025-03-28,SPY250328C00527810,call,527.81,0.3042811489854267,0.009250373293634597,False,False
2025-01-27,2025-03-28,SPY250328P00527810,put,527.81,-0.6957188510145733,0.009250373293634597,False,False
2025-01-27,2025-03-28,SPY250328C00552950,call,552.95,0.13900605929790133,0.005634068244972812,False,False
2025-01-27,2025-03-28,SPY250328P00552950,put,552.95,-0.8609939407020987,0.005634068244972812,False,False
2025-01-28,2025-02-27,SPY250227C00451220,call,451.22,0.9714945788358123,0.0022350727183912474,False,False
2025-01-28,2025-02-27,SPY250227P00451220,put,451.22,-0.02850542116418775,0.0022350727183912474,False,False
2025-01-28,2025-02-27,SPY250227C00476280,call,476.28,0.8097309013372311,0.008313374148555857,False,False
2025-01-28,2025-02-27,SPY250227P00476280,put,476.28,-0.19026909866276887,0.008313374148555857,False,False
2025-01-28,2025-02-27,SPY250227C00501350,call,501.35,0.5356424321591354,0.012045761311976272,True,False
2025-01-28,2025-02-27,SPY250227P00501350,put,501.35,-0.46435756784086457,0.012045761311976272,True,False
2025-01-28,2025-02-27,SPY250227C00526420,call,526.42,0.25785625766481934,0.009761435552275566,False,False
2025-01-28,2025-02-27,SPY250227P00526420,put,526.42,-0.7421437423351807,0.009761435552275566,False,False
2025-01-28,2025-02-27,SPY250227C00551490,call,551.49,0.07867818784298453,0.004621550396682677,False,False
2025-01-28,2025-02-27,SPY250227P00551490,put,551.49,-0.9213218121570155,0.004621550396682677,False,False
2025-01-28,2025-03-14,SPY250314C00451220,call,451.22,0.8853096235262384,0.004019423643355352,False,False
2025-01-28,2025-03-14,SPY250314P00451220,put,451.22,-0.11469037647376157,0.004019423643355352,False,False
2025-01-28,2025-03-14,SPY250314C00476280,call,476.28,0.7441312147538116,0.006874951516011636,False,False
2025-01-28,2025-03-14,SPY250314P00476280,put,476.28,-0.2558687852461884,0.006874951516011636,False,False
2025-01-28,2025-03-14,SPY250314C00501350,call,501.35,0.5426142749544035,0.008788283440202415,True,False
2025-01-28,2025-03-14,SPY250314P00501350,put,501.35,-0.4573857250455965,0.008788283440202415,True,False
2025-01-28,2025-03-14,SPY250314C00526420,call,526.42,0.3483229423566597,0.007493471631448982,False,False
2025-01-28,2025-03-14,SPY250314P00526420,put,526.42,-0.6516770576433403,0.007493471631448982,False,False
2025-01-28,2025-03-14,SPY250314C00551490,call,551.49,0.1768291337566728,0.005615272946665421,False,False
2025-01-28,2025-03-14,SPY250314P00551490,put,551.49,-0.8231708662433272,0.005615272946665421,False,False
2025-01-28,2025-03-29,SPY250329C00451220,call,451.22,0.9239571369974686,0.0035205737209117144,False,False
2025-01-28,2025-03-29,SPY250329P00451220,put,451.22,-0.07604286300253138,0.0035205737209117144,False,False
2025-01-28,2025-03-29,SPY250329C00476280,call,476.28,0.7982730682427512,0.007631889452033225,False,False
2025-01-28,2025-03-29,SPY250329P00476280,put,476.28,-0.20172693175724876,0.007631889452033225,False,False
2025-01-28,2025-03-29,SPY250329C00501350,call,501.35,0.5549132266050648,0.01073447919506354,True,False
2025-01-28,2025-03-29,SPY250329P00501350,put,501.35,-0.4450867733949352,0.01073447919506354,True,False
2025-01-28,2025-03-29,SPY250329C00526420,call,526.42,0.3052440927151001,0.009248087123847379,False,False
2025-01-28,2025-03-29,SPY250329P00526420,put,526.42,-0.6947559072848999,0.009248087123847379,False,False
2025-01-28,2025-03-29,SPY250329C00551490,call,551.49,0.12245129456160886,0.00552415737800046,False,False
2025-01-28,2025-03-29,SPY250329P00551490,put,551.49,-0.8775487054383911,0.00552415737800046,False,False
2025-01-29,2025-02-28,SPY250228C00452120,call,452.12,0.9460951764928343,0.003145296479762355,False,False
2025-01-29,2025-02-28,SPY250228P00452120,put,452.12,-0.053904823507165744,0.003145296479762355,False,False
2025-01-29,2025-02-28,SPY250228C00477230,call,477.23,0.802916153163221,0.008223528267533895,False,False
2025-01-29,2025-02-28,SPY250228P00477230,put,477.23,-0.19708384683677904,0.008223528267533895,False,False
2025-01-29,2025-02-28,SPY250228C00502350,call,502.35,0.5348341653116347,0.011194707711285855,True,False
2025-01-29,2025-02-28,SPY250228P00502350,put,502.35,-0.46516583468836525,0.011194707711285855,True,False
2025-01-29,2025-02-28,SPY250228C00527470,call,527.47,0.2498357337713334,0.009908880925855592,False,False
2025-01-29,2025-02-28,SPY250228P00527470,put,527.47,-0.7501642662286666,0.009908880925855592,False,False
2025-01-29,2025-02-28,SPY250228C00552590,call,552.59,0.06073332242751509,0.0041215852053769165,False,False
2025-01-29,2025-02-28,SPY250228P00552590,put,552.59,-0.9392666775724849,0.0041215852053769165,False,False
2025-01-29,2025-03-15,SPY250315C00452120,call,452.12,0.8732522424984767,0.004071919652147942,False,False
2025-01-29,2025-03-15,SPY250315P00452120,put,452.12,-0.12674775750152334,0.004071919652147942,False,False
2025-01-29,2025-03-15,SPY250315C00477230,call,477.23,0.7418348778164647,0.006813760295459295,False,False
2025-01-29,2025-03-15,SPY250315P00477230,put,477.23,-0.25816512218353527,0.006813760295459295,False,False
2025-01-29,2025-03-15,SPY250315C00502350,call,502.35,0.5426064449602014,0.009089874999135028,True,False
2025-01-29,2025-03-15,SPY250315P00502350,put,502.35,-0.4573935550397986,0.009089874999135028,True,False
2025-01-29,2025-03-15,SPY250315C00527470,call,527.47,0.33295196581682124,0.00797694285908445,False,False
2025-01-29,2025-03-15,SPY250315P00527470,put,527.47,-0.6670480341831788,0.00797694285908445,False,False
2025-01-29,2025-03-15,SPY250315C00552590,call,552.59,0.18411530636355433,0.005588198781671528,False,False
2025-01-29,2025-03-15,SPY250315P00552590,put,552.59,-0.8158846936364457,0.005588198781671528,False,False
2025-01-29,2025-03-30,SPY250330C00452120,call,452.12,0.9444869120703641,0.0030823304744125105,False,False
2025-01-29,2025-03-30,SPY250330P00452120,put,452.12,-0.05551308792963594,0.0030823304744125105,False,False
2025-01-29,2025-03-30,SPY250330C00477230,call,477.23,0.7936581558235618,0.007565717032612674,False,False
2025-01-29,2025-03-30,SPY250330P00477230,put,477.23,-0.2063418441764382,0.007565717032612674,False,False
2025-01-29,2025-03-30,SPY250330C00502350,call,502.35,0.5516741718932686,0.009423945493449397,True,False
2025-01-29,2025-03-30,SPY250330P00502350,put,502.35,-0.4483258281067314,0.009423945493449397,True,False
2025-01-29,2025-03-30,SPY250330C00527470,call,527.47,0.3172470282563006,0.00882657362881909,False,False
2025-01-29,2025-03-30,SPY250330P00527470,put,527.47,-0.6827529717436994,0.00882657362881909,False,False
2025-01-29,2025-03-30,SPY250330C00552590,call,552.59,0.14110956379206047,0.005645839603246458,False,False
2025-01-29,2025-03-30,SPY250330P00552590,put,552.59,-0.8588904362079395,0.005645839603246458,False,False
2025-01-30,2025-03-01,SPY250301C00451490,call,451.49,0.911719645723869,0.0038329807751081623,False,False
2025-01-30,2025-03-01,SPY250301P00451490,put,451.49,-0.08828035427613101,0.0038329807751081623,False,False
2025-01-30,2025-03-01,SPY250301C00476570,call,476.57,0.7556638997571122,0.0073994409950454195,False,False
2025-01-30,2025-03-01,SPY250301P00476570,put,476.57,-0.24433610024288777,0.0073994409950454195,False,False
2025-01-30,2025-03-01,SPY250301C00501650,call,501.65,0.5342648607126929,0.0095841631418094,True,False
2025-01-30,2025-03-01,SPY250301P00501650,put,501.65,-0.46573513928730714,0.0095841631418094,True,False
2025-01-30,2025-03-01,SPY250301C00526730,call,526.73,0.3215895372880264,0.008042238745839857,False,False
2025-01-30,2025-03-01,SPY250301P00526730,put,526.73,-0.6784104627119736,0.008042238745839857,False,False
2025-01-30,2025-03-01,SPY250301C00551820,call,551.82,0.14552674624804163,0.005455669112846478,False,False
2025-01-30,2025-03-01,SPY250301P00551820,put,551.82,-0.8544732537519584,0.005455669112846478,False,False
2025-01-30,2025-03-16,SPY250316C00451490,call,451.49,0.8928299699751787,0.003965558482642972,False,False
2025-01-30,2025-03-16,SPY250316P00451490,put,451.49,-0.10717003002482128,0.003965558482642972,False,False
2025-01-30,2025-03-16,SPY250316C00476570,call,476.57,0.7453126413245811,0.006906202049847322,False,False
2025-01-30,2025-03-16,SPY250316P00476570,put,476.57,-0.2546873586754189,0.006906202049847322,False,False
2025-01-30,2025-03-16,SPY250316C00501650,call,501.65,0.5429557486570996,0.009394076011270772,True,False
2025-01-30,2025-03-16,SPY250316P00501650,put,501.65,-0.4570442513429004,0.009394076011270772,True,False
2025-01-30,2025-03-16,SPY250316C00526730,call,526.73,0.35341679842175244,0.0073119866481771234,False,False
2025-01-30,2025-03-16,SPY250316P00526730,put,526.73,-0.6465832015782476,0.0073119866481771234,False,False
2025-01-30,2025-03-16,SPY250316C00551820,call,551.82,0.1787127846107982,0.005606834699698314,False,False
2025-01-30,2025-03-16,SPY250316P00551820,put,551.82,-0.8212872153892018,0.005606834699698314,False,False
2025-01-30,2025-03-31,SPY250331C00451490,call,451.49,0.9537538916261007,0.0028238376610082174,False,False
2025-01-30,2025-03-31,SPY250331P00451490,put,451.49,-0.04624610837389931,0.0028238376610082174,False,False
2025-01-30,2025-03-31,SPY250331C00476570,call,476.57,0.8081475279164069,0.00775375535325679,False,False
2025-01-30,2025-03-31,SPY250331P00476570,put,476.57,-0.19185247208359313,0.00775375535325679,False,False
2025-01-30,2025-03-31,SPY250331C00501650,call,501.65,0.5526077104261939,0.009844981266504415,True,False
2025-01-30,2025-03-31,SPY250331P00501650,put,501.65,-0.44739228957380606,0.009844981266504415,True,False
2025-01-30,2025-03-31,SPY250331C00526730,call,526.73,0.30223324947139574,0.009326853693496607,False,False
2025-01-30,2025-03-31,SPY250331P00526730,put,526.73,-0.6977667505286043,0.009326853693496607,False,False
2025-01-30,2025-03-31,SPY250331C00551820,call,551.82,0.13689871345494126,0.005630899156954172,False,False
2025-01-30,2025-03-31,SPY250331P00551820,put,551.82,-0.8631012865450587,0.005630899156954172,False,False
2025-01-31,2025-03-02,SPY250302C00444130,call,444.13,0.9616053655549761,0.0026937885446748073,False,False
2025-01-31,2025-03-02,SPY250302P00444130,put,444.13,-0.03839463444502389,0.0026937885446748073,False,False
2025-01-31,2025-03-02,SPY250302C00468810,call,468.81,0.8273668766130932,0.008617966402044454,False,False
2025-01-31,2025-03-02,SPY250302P00468810,put,468.81,-0.17263312338690684,0.008617966402044454,False,False
2025-01-31,2025-03-02,SPY250302C00493480,call,493.48,0.5365516922357454,0.013991071638990524,True,True
2025-01-31,2025-03-02,SPY250302P00493480,put,493.48,-0.4634483077642546,0.013991071638990524,True,True
2025-01-31,2025-03-02,SPY250302C00518150,call,518.15,0.255618657743984,0.009950017635001064,False,False
2025-01-31,2025-03-02,SPY250302P00518150,put,518.15,-0.7443813422560159,0.009950017635001064,False,False
2025-01-31,2025-03-02,SPY250302C00542830,call,542.83,0.07386493539643127,0.004572249079762472,False,False
2025-01-31,2025-03-02,SPY250302P00542830,put,542.83,-0.9261350646035688,0.004572249079762472,False,False
2025-01-31,2025-03-17,SPY250317C00444130,call,444.13,0.8820091310184286,0.004108040693400965,False,False
2025-01-31,2025-03-17,SPY250317P00444130,put,444.13,-0.1179908689815714,0.004108040693400965,False,False
2025-01-31,2025-03-17,SPY250317C00468810,call,468.81,0.7370034973794216,0.006827563229166592,False,False
2025-01-31,2025-03-17,SPY250317P00468810,put,468.81,-0.2629965026205784,0.006827563229166592,False,False
2025-01-31,2025-03-17,SPY250317C00493480,call,493.48,0.5423796456702693,0.009448601681944316,True,False
2025-01-31,2025-03-17,SPY250317P00493480,put,493.48,-0.4576203543297307,0.009448601681944316,True,False
2025-01-31,2025-03-17,SPY250317C00518150,call,518.15,0.3500557150012006,0.007532743938516177,False,False
2025-01-31,2025-03-17,SPY250317P00518150,put,518.15,-0.6499442849987994,0.007532743938516177,False,False
2025-01-31,2025-03-17,SPY250317C00542830,call,542.83,0.17093434208409258,0.005700400332880642,False,False
2025-01-31,2025-03-17,SPY250317P00542830,put,542.83,-0.8290656579159075,0.005700400332880642,False,False
2025-01-31,2025-04-01,SPY250401C00444130,call,444.13,0.9336289233049803,0.0033969570404540875,False,False
2025-01-31,2025-04-01,SPY250401P00444130,put,444.13,-0.06637107669501974,0.0033969570404540875,False,False
2025-01-31,2025-04-01,SPY250401C00468810,call,468.81,0.786676564461458,0.007615224450868076,False,False
2025-01-31,2025-04-01,SPY250401P00468810,put,468.81,-0.21332343553854205,0.007615224450868076,False,False
2025-01-31,2025-04-01,SPY250401C00493480,call,493.48,0.5515250510148897,0.00980308894345391,True,False
2025-01-31,2025-04-01,SPY250401P00493480,put,493.48,-0.4484749489851103,0.00980308894345391,True,False
2025-01-31,2025-04-01,SPY250401C00518150,call,518.15,0.3075549835267146,0.009282517003571042,False,False
2025-01-31,2025-04-01,SPY250401P00518150,put,518.15,-0.6924450164732854,0.009282517003571042,False,False
2025-01-31,2025-04-01,SPY250401C00542830,call,542.83,0.14449543220430477,0.0057573404546217176,False,False
2025-01-31,2025-04-01,SPY250401P00542830,put,542.83,-0.8555045677956952,0.0057573404546217176,False,False
